date,new_cases,new_deaths,cases_7day_avg,deaths_7day_avg,month,cases_30day_avg,cases_trend,trend_status
2020-01-01,0.0,0.0,,,2020-01-01,,,Stable
2020-01-02,0.0,0.0,,,2020-01-01,,,Stable
2020-01-03,0.0,0.0,,,2020-01-01,,,Stable
2020-01-04,3.0,0.0,,,2020-01-01,,,Stable
2020-01-05,0.0,3.0,,,2020-01-01,,,Stable
2020-01-06,3.0,0.0,,,2020-01-01,,,Stable
2020-01-07,0.0,0.0,0.8571428571428571,0.42857142857142855,2020-01-01,,,Stable
2020-01-08,1.0,0.0,1.0,0.42857142857142855,2020-01-01,,0.1428571428571429,Increasing
2020-01-09,0.0,0.0,1.0,0.42857142857142855,2020-01-01,,0.0,Stable
2020-01-10,0.0,0.0,1.0,0.42857142857142855,2020-01-01,,0.0,Stable
2020-01-11,0.0,0.0,0.5714285714285714,0.42857142857142855,2020-01-01,,-0.4285714285714286,Declining
2020-01-12,41.0,1.0,6.428571428571429,0.14285714285714285,2020-01-01,,5.857142857142858,Increasing
2020-01-13,1.0,0.0,6.142857142857143,0.14285714285714285,2020-01-01,,-0.2857142857142856,Declining
2020-01-14,1.0,0.0,6.285714285714286,0.14285714285714285,2020-01-01,,0.14285714285714235,Increasing
2020-01-15,0.0,0.0,6.142857142857143,0.14285714285714285,2020-01-01,,-0.14285714285714235,Declining
2020-01-16,0.0,0.0,6.142857142857143,0.14285714285714285,2020-01-01,,0.0,Stable
2020-01-17,5.0,1.0,6.857142857142857,0.2857142857142857,2020-01-01,,0.7142857142857135,Increasing
2020-01-18,0.0,0.0,6.857142857142857,0.2857142857142857,2020-01-01,,0.0,Stable
2020-01-19,79.0,1.0,12.285714285714286,0.2857142857142857,2020-01-01,,5.42857142857143,Increasing
2020-01-20,78.0,1.0,23.285714285714285,0.42857142857142855,2020-01-01,,10.999999999999998,Increasing
2020-01-21,93.0,2.0,36.42857142857143,0.7142857142857143,2020-01-01,,13.142857142857146,Increasing
2020-01-22,147.0,11.0,57.42857142857143,2.2857142857142856,2020-01-01,,21.0,Increasing
2020-01-23,135.0,1.0,76.71428571428571,2.4285714285714284,2020-01-01,,19.285714285714278,Increasing
2020-01-24,263.0,8.0,113.57142857142857,3.4285714285714284,2020-01-01,,36.85714285714286,Increasing
2020-01-25,473.0,16.0,181.14285714285714,5.714285714285714,2020-01-01,,67.57142857142857,Increasing
2020-01-26,706.0,17.0,270.7142857142857,8.0,2020-01-01,,89.57142857142858,Increasing
2020-01-27,778.0,26.0,370.7142857142857,11.571428571428571,2020-01-01,,100.0,Increasing
2020-01-28,1787.0,49.0,612.7142857142857,18.285714285714285,2020-01-01,,241.99999999999994,Increasing
2020-01-29,1469.0,2.0,801.5714285714286,17.0,2020-01-01,,188.8571428571429,Increasing
2020-01-30,1758.0,38.0,1033.4285714285713,22.285714285714285,2020-01-01,260.7,231.85714285714278,Increasing
2020-01-31,2002.0,42.0,1281.857142857143,27.142857142857142,2020-01-01,327.43333333333334,248.42857142857156,Increasing
2020-02-01,2118.0,47.0,1516.857142857143,31.571428571428573,2020-02-01,398.03333333333336,235.0,Increasing
2020-02-02,2618.0,106.0,1790.0,44.285714285714285,2020-02-01,485.3,273.1428571428571,Increasing
2020-02-03,2836.0,64.0,2084.0,49.714285714285715,2020-02-01,579.7333333333333,294.0,Increasing
2020-02-04,3243.0,67.0,2292.0,52.285714285714285,2020-02-01,687.8333333333334,208.0,Increasing
2020-02-05,3942.0,72.0,2645.285714285714,62.285714285714285,2020-02-01,819.1333333333333,353.2857142857142,Increasing
2020-02-06,3712.0,70.0,2924.4285714285716,66.85714285714286,2020-02-01,942.8666666666667,279.14285714285734,Increasing
2020-02-07,3159.0,85.0,3089.714285714286,73.0,2020-02-01,1048.1333333333334,165.28571428571422,Increasing
2020-02-08,3401.0,87.0,3273.0,78.71428571428571,2020-02-01,1161.5,183.28571428571422,Increasing
2020-02-09,2699.0,100.0,3284.5714285714284,77.85714285714286,2020-02-01,1251.4666666666667,11.571428571428442,Increasing
2020-02-10,2993.0,107.0,3307.0,84.0,2020-02-01,1351.2333333333333,22.42857142857156,Increasing
2020-02-11,2479.0,100.0,3197.8571428571427,88.71428571428571,2020-02-01,1432.5,-109.14285714285734,Declining
2020-02-12,2030.0,5.0,2924.714285714286,79.14285714285714,2020-02-01,1500.1333333333334,-273.1428571428569,Declining
2020-02-13,15168.0,253.0,4561.285714285715,105.28571428571429,2020-02-01,2005.7,1636.571428571429,Increasing
2020-02-14,4068.0,152.0,4691.142857142857,114.85714285714286,2020-02-01,2141.3,129.8571428571422,Increasing
2020-02-15,2664.0,142.0,4585.857142857143,122.71428571428571,2020-02-01,2230.1,-105.28571428571377,Declining
2020-02-16,2040.0,105.0,4491.714285714285,123.42857142857143,2020-02-01,2297.9333333333334,-94.14285714285779,Declining
2020-02-17,2063.0,98.0,4358.857142857143,122.14285714285714,2020-02-01,2366.7,-132.8571428571422,Declining
2020-02-18,1904.0,139.0,4276.714285714285,127.71428571428571,2020-02-01,2427.5333333333333,-82.14285714285779,Declining
2020-02-19,1799.0,113.0,4243.714285714285,143.14285714285714,2020-02-01,2484.9,-33.0,Declining
2020-02-20,424.0,125.0,2137.4285714285716,124.85714285714286,2020-02-01,2495.9333333333334,-2106.2857142857138,Declining
2020-02-21,994.0,0.0,1698.2857142857142,103.14285714285714,2020-02-01,2524.1666666666665,-439.14285714285734,Declining
2020-02-22,1068.0,209.0,1470.2857142857142,112.71428571428571,2020-02-01,2555.266666666667,-228.0,Declining
2020-02-23,990.0,6.0,1320.2857142857142,98.57142857142857,2020-02-01,2579.5,-150.0,Declining
2020-02-24,516.0,159.0,1099.2857142857142,107.28571428571429,2020-02-01,2580.9333333333334,-221.0,Declining
2020-02-25,798.0,79.0,941.2857142857143,98.71428571428571,2020-02-01,2584.0,-157.9999999999999,Declining
2020-02-26,845.0,62.0,805.0,91.42857142857143,2020-02-01,2586.233333333333,-136.28571428571433,Declining
2020-02-27,1089.0,38.0,900.0,79.0,2020-02-01,2562.9666666666667,95.0,Increasing
2020-02-28,1202.0,57.0,929.7142857142857,87.14285714285714,2020-02-01,2554.0666666666666,29.714285714285666,Increasing
2020-02-29,1816.0,64.0,1036.5714285714287,66.42857142857143,2020-02-01,2556.0,106.857142857143,Increasing
2020-03-01,2002.0,55.0,1181.142857142857,73.42857142857143,2020-03-01,2556.0,144.57142857142844,Increasing
2020-03-02,1944.0,68.0,1385.142857142857,60.42857142857143,2020-03-01,2550.2,204.0,Increasing
2020-03-03,1788.0,68.0,1526.5714285714287,58.857142857142854,2020-03-01,2522.5333333333333,141.42857142857156,Increasing
2020-03-04,2219.0,87.0,1722.857142857143,62.42857142857143,2020-03-01,2501.9666666666667,196.28571428571422,Increasing
2020-03-05,2165.0,89.0,1876.5714285714287,69.71428571428571,2020-03-01,2466.0333333333333,153.71428571428578,Increasing
2020-03-06,2491.0,98.0,2060.714285714286,75.57142857142857,2020-03-01,2417.6666666666665,184.1428571428571,Increasing
2020-03-07,3244.0,102.0,2264.714285714286,81.0,2020-03-01,2402.0666666666666,204.0,Increasing
2020-03-08,6350.0,138.0,2885.8571428571427,92.85714285714286,2020-03-01,2508.4333333333334,621.1428571428569,Increasing
2020-03-09,3272.0,223.0,3075.5714285714284,115.0,2020-03-01,2504.133333333333,189.71428571428578,Increasing
2020-03-10,3861.0,173.0,3371.714285714286,130.0,2020-03-01,2542.866666666667,296.14285714285734,Increasing
2020-03-11,3929.0,269.0,3616.0,156.0,2020-03-01,2574.0666666666666,244.28571428571422,Increasing
2020-03-12,6004.0,305.0,4164.428571428572,186.85714285714286,2020-03-01,2691.5666666666666,548.4285714285716,Increasing
2020-03-13,6735.0,319.0,4770.714285714285,218.42857142857142,2020-03-01,2848.4,606.2857142857138,Increasing
2020-03-14,7328.0,402.0,5354.142857142857,261.2857142857143,2020-03-01,2587.0666666666666,583.4285714285716,Increasing
2020-03-15,29308.0,963.0,8633.857142857143,379.14285714285717,2020-03-01,3428.4,3279.7142857142862,Increasing
2020-03-16,8569.0,564.0,9390.57142857143,427.85714285714283,2020-03-01,3625.233333333333,756.7142857142862,Increasing
2020-03-17,10349.0,588.0,10317.42857142857,487.14285714285717,2020-03-01,3902.2,926.8571428571413,Increasing
2020-03-18,11530.0,637.0,11403.285714285714,539.7142857142857,2020-03-01,4217.766666666666,1085.8571428571431,Increasing
2020-03-19,14171.0,792.0,12570.0,609.2857142857143,2020-03-01,4626.666666666667,1166.7142857142862,Increasing
2020-03-20,17032.0,823.0,14041.0,681.2857142857143,2020-03-01,5134.433333333333,1471.0,Increasing
2020-03-21,20487.0,1064.0,15920.857142857143,775.8571428571429,2020-03-01,5803.2,1879.8571428571431,Increasing
2020-03-22,89130.0,5228.0,24466.85714285714,1385.142857142857,2020-03-01,8741.066666666668,8545.999999999998,Increasing
2020-03-23,22444.0,1194.0,26449.0,1475.142857142857,2020-03-01,9453.6,1982.1428571428587,Increasing
2020-03-24,26536.0,1236.0,28761.428571428572,1567.7142857142858,2020-03-01,10305.133333333333,2312.4285714285725,Increasing
2020-03-25,30003.0,1496.0,31400.428571428572,1690.4285714285713,2020-03-01,11288.033333333333,2639.0,Increasing
2020-03-26,31274.0,1598.0,33843.71428571428,1805.5714285714287,2020-03-01,12303.9,2443.28571428571,Increasing
2020-03-27,37991.0,1830.0,36837.857142857145,1949.4285714285713,2020-03-01,13542.1,2994.1428571428623,Increasing
2020-03-28,44649.0,2259.0,40289.57142857143,2120.1428571428573,2020-03-01,14994.1,3451.7142857142826,Increasing
2020-03-29,158473.0,12672.0,50195.71428571428,3183.5714285714284,2020-03-01,20236.466666666667,9906.142857142855,Increasing
2020-03-30,43204.0,2419.0,53161.42857142857,3358.5714285714284,2020-03-01,21616.066666666666,2965.71428571429,Increasing
2020-03-31,49018.0,2900.0,56373.142857142855,3596.285714285714,2020-03-01,23183.266666666666,3211.7142857142826,Increasing
2020-04-01,43898.0,3026.0,58358.142857142855,3814.8571428571427,2020-04-01,24581.733333333334,1985.0,Increasing
2020-04-02,52032.0,3421.0,61323.57142857143,4075.285714285714,2020-04-01,26256.533333333333,2965.4285714285725,Increasing
2020-04-03,58901.0,3795.0,64310.71428571428,4356.0,2020-04-01,28145.933333333334,2987.142857142855,Increasing
2020-04-04,60785.0,4131.0,66615.85714285714,4623.428571428572,2020-04-01,30099.933333333334,2305.1428571428623,Increasing
2020-04-05,158397.0,17150.0,66605.0,5263.142857142857,2020-04-01,35296.8,-10.857142857144936,Declining
2020-04-06,59771.0,4400.0,68971.71428571429,5546.142857142857,2020-04-01,37181.03333333333,2366.71428571429,Increasing
2020-04-07,54651.0,4878.0,69776.42857142857,5828.714285714285,2020-04-01,38791.066666666666,804.7142857142753,Increasing
2020-04-08,60368.0,4726.0,72129.28571428571,6071.571428571428,2020-04-01,40694.26666666667,2352.857142857145,Increasing
2020-04-09,63571.0,5292.0,73777.71428571429,6338.857142857143,2020-04-01,42684.6,1648.4285714285797,Increasing
2020-04-10,69610.0,5704.0,75307.57142857143,6611.571428571428,2020-04-01,44873.96666666667,1529.857142857145,Increasing
2020-04-11,72686.0,5608.0,77007.71428571429,6822.571428571428,2020-04-01,47096.7,1700.142857142855,Increasing
2020-04-12,143412.0,17071.0,74867.0,6811.285714285715,2020-04-01,51652.6,-2140.71428571429,Declining
2020-04-13,64312.0,5501.0,75515.71428571429,6968.571428571428,2020-04-01,53552.066666666666,648.7142857142899,Increasing
2020-04-14,57658.0,5209.0,75945.28571428571,7015.857142857143,2020-04-01,54497.066666666666,429.57142857142026,Increasing
2020-04-15,57141.0,5377.0,75484.28571428571,7108.857142857143,2020-04-01,56116.13333333333,-461.0,Declining
2020-04-16,62461.0,5867.0,75325.71428571429,7191.0,2020-04-01,57853.2,-158.57142857142026,Declining
2020-04-17,67012.0,6215.0,74954.57142857143,7264.0,2020-04-01,59702.6,-371.14285714285506,Declining
2020-04-18,73957.0,7316.0,75136.14285714286,7508.0,2020-04-01,61695.46666666667,181.57142857142026,Increasing
2020-04-19,124254.0,14468.0,72399.28571428571,7136.142857142857,2020-04-01,65269.53333333333,-2736.857142857145,Declining
2020-04-20,66360.0,5087.0,72691.85714285714,7077.0,2020-04-01,66798.63333333333,292.5714285714348,Increasing
2020-04-21,64586.0,5180.0,73681.57142857143,7072.857142857143,2020-04-01,65980.5,989.7142857142899,Increasing
2020-04-22,65251.0,5465.0,74840.14285714286,7085.428571428572,2020-04-01,67407.4,1158.5714285714203,Increasing
2020-04-23,66868.0,5909.0,75469.71428571429,7091.428571428572,2020-04-01,68751.8,629.5714285714348,Increasing
2020-04-24,72469.0,5584.0,76249.28571428571,7001.285714285715,2020-04-01,70167.33333333333,779.5714285714203,Increasing
2020-04-25,89145.0,5489.0,78419.0,6740.285714285715,2020-04-01,72096.36666666667,2169.71428571429,Increasing
2020-04-26,115307.0,11690.0,77140.85714285714,6343.428571428572,2020-04-01,74673.56666666667,-1278.142857142855,Declining
2020-04-27,76030.0,4954.0,78522.28571428571,6324.428571428572,2020-04-01,75719.6,1381.4285714285652,Increasing
2020-04-28,65238.0,4637.0,78615.42857142857,6246.857142857143,2020-04-01,72611.76666666666,93.14285714285506,Increasing
2020-04-29,65101.0,4933.0,78594.0,6170.857142857143,2020-04-01,73341.66666666667,-21.428571428565192,Declining
2020-04-30,70626.0,5456.0,79130.85714285714,6106.142857142857,2020-04-01,74061.93333333333,536.8571428571449,Increasing
2020-05-01,75957.0,5726.0,79629.14285714286,6126.428571428572,2020-05-01,75130.56666666667,498.2857142857101,Increasing
2020-05-02,83731.0,5596.0,78855.71428571429,6141.714285714285,2020-05-01,76187.2,-773.4285714285652,Declining
2020-05-03,108743.0,9830.0,77918.0,5876.0,2020-05-01,77848.6,-937.7142857142899,Declining
2020-05-04,77573.0,4794.0,78138.42857142857,5853.142857142857,2020-05-01,78408.2,220.4285714285652,Increasing
2020-05-05,76371.0,4450.0,79728.85714285714,5826.428571428572,2020-05-01,75674.0,1590.4285714285797,Increasing
2020-05-06,72591.0,4424.0,80798.85714285714,5753.714285714285,2020-05-01,76101.33333333333,1070.0,Increasing
2020-05-07,77516.0,6041.0,81783.14285714286,5837.285714285715,2020-05-01,76863.5,984.2857142857101,Increasing
2020-05-08,84826.0,5791.0,83050.14285714286,5846.571428571428,2020-05-01,77678.76666666666,1267.0,Increasing
2020-05-09,88969.0,5552.0,83798.42857142857,5840.285714285715,2020-05-01,78525.36666666667,748.2857142857101,Increasing
2020-05-10,107323.0,7866.0,83595.57142857143,5559.714285714285,2020-05-01,79782.46666666666,-202.85714285713038,Declining
2020-05-11,85706.0,5168.0,84757.42857142857,5613.142857142857,2020-05-01,80216.46666666666,1161.8571428571304,Increasing
2020-05-12,70334.0,4191.0,83895.0,5576.142857142857,2020-05-01,77780.53333333334,-862.4285714285652,Declining
2020-05-13,75931.0,4132.0,84372.14285714286,5534.428571428572,2020-05-01,78167.83333333333,477.14285714285506,Increasing
2020-05-14,82894.0,5098.0,85140.42857142857,5399.714285714285,2020-05-01,79009.03333333334,768.2857142857101,Increasing
2020-05-15,83845.0,4925.0,85000.28571428571,5276.0,2020-05-01,79899.16666666667,-140.14285714285506,Declining
2020-05-16,98815.0,5501.0,86406.85714285714,5268.714285714285,2020-05-01,81110.96666666666,1406.5714285714348,Increasing
2020-05-17,112741.0,7146.0,87180.85714285714,5165.857142857143,2020-05-01,82635.26666666666,774.0,Increasing
2020-05-18,93696.0,4688.0,88322.28571428571,5097.285714285715,2020-05-01,83293.23333333334,1141.4285714285652,Increasing
2020-05-19,76644.0,3930.0,89223.71428571429,5060.0,2020-05-01,81706.23333333334,901.4285714285797,Increasing
2020-05-20,91701.0,4306.0,91476.57142857143,5084.857142857143,2020-05-01,82550.93333333333,2252.857142857145,Increasing
2020-05-21,100232.0,5094.0,93953.42857142857,5084.285714285715,2020-05-01,83739.13333333333,2476.8571428571304,Increasing
2020-05-22,105370.0,5004.0,97028.42857142857,5095.571428571428,2020-05-01,85076.43333333333,3075.0,Increasing
2020-05-23,103881.0,4931.0,97752.14285714286,5014.142857142857,2020-05-01,86310.2,723.7142857142899,Increasing
2020-05-24,124858.0,6790.0,99483.14285714286,4963.285714285715,2020-05-01,88056.5,1731.0,Increasing
2020-05-25,95475.0,4225.0,99737.28571428571,4897.142857142857,2020-05-01,88267.5,254.14285714285506,Increasing
2020-05-26,91086.0,4056.0,101800.42857142857,4915.142857142857,2020-05-01,87460.13333333333,2063.142857142855,Increasing
2020-05-27,87109.0,4146.0,101144.42857142857,4892.285714285715,2020-05-01,87829.43333333333,-656.0,Declining
2020-05-28,96445.0,4597.0,100603.42857142857,4821.285714285715,2020-05-01,88869.66666666667,-541.0,Declining
2020-05-29,105497.0,5081.0,100621.57142857143,4832.285714285715,2020-05-01,90216.2,18.142857142869616,Increasing
2020-05-30,117841.0,5293.0,102615.85714285714,4884.0,2020-05-01,91790.03333333334,1994.2857142857101,Increasing
2020-05-31,135117.0,5967.0,104081.42857142857,4766.428571428572,2020-05-01,93762.03333333334,1465.5714285714203,Increasing
2020-06-01,125084.0,4635.0,108311.28571428571,4825.0,2020-06-01,95140.46666666666,4229.857142857145,Increasing
2020-06-02,107112.0,4152.0,110600.71428571429,4838.714285714285,2020-06-01,95086.1,2289.4285714285797,Increasing
2020-06-03,96780.0,4231.0,111982.28571428571,4850.857142857143,2020-06-01,95726.33333333333,1381.5714285714203,Increasing
2020-06-04,121579.0,5238.0,115572.85714285714,4942.428571428572,2020-06-01,97233.26666666666,3590.571428571435,Increasing
2020-06-05,124006.0,5435.0,118217.0,4993.0,2020-06-01,98947.1,2644.142857142855,Increasing
2020-06-06,124543.0,5467.0,119174.42857142857,5017.857142857143,2020-06-01,100514.66666666667,957.4285714285652,Increasing
2020-06-07,144801.0,5721.0,120557.85714285714,4982.714285714285,2020-06-01,102513.83333333333,1383.4285714285797,Increasing
2020-06-08,123249.0,5001.0,120295.71428571429,5035.0,2020-06-01,103656.5,-262.14285714285506,Declining
2020-06-09,107746.0,4037.0,120386.28571428571,5018.571428571428,2020-06-01,103670.6,90.57142857142026,Increasing
2020-06-10,106507.0,4521.0,121775.85714285714,5060.0,2020-06-01,104363.96666666666,1389.5714285714348,Increasing
2020-06-11,128974.0,5322.0,122832.28571428571,5072.0,2020-06-01,106318.63333333333,1056.4285714285652,Increasing
2020-06-12,138097.0,5475.0,124845.28571428571,5077.714285714285,2020-06-01,108390.83333333333,2013.0,Increasing
2020-06-13,139072.0,5444.0,126920.85714285714,5074.428571428572,2020-06-01,110263.43333333333,2075.571428571435,Increasing
2020-06-14,157714.0,5467.0,128765.57142857143,5038.142857142857,2020-06-01,112725.73333333334,1844.7142857142899,Increasing
2020-06-15,130201.0,4717.0,129758.71428571429,4997.571428571428,2020-06-01,113771.93333333333,993.1428571428551,Increasing
2020-06-16,116521.0,4394.0,131012.28571428571,5048.571428571428,2020-06-01,113897.93333333333,1253.5714285714203,Increasing
2020-06-17,120729.0,6017.0,133044.0,5262.285714285715,2020-06-01,114799.03333333334,2031.7142857142899,Increasing
2020-06-18,179421.0,5508.0,140250.7142857143,5288.857142857143,2020-06-01,118224.93333333333,7206.71428571429,Increasing
2020-06-19,144450.0,5591.0,141158.2857142857,5305.428571428572,2020-06-01,119983.23333333334,907.5714285714203,Increasing
2020-06-20,140018.0,5517.0,141293.42857142858,5315.857142857143,2020-06-01,121309.43333333333,135.14285714286962,Increasing
2020-06-21,197644.0,5698.0,146997.7142857143,5348.857142857143,2020-06-01,124385.23333333334,5704.28571428571,Increasing
2020-06-22,152308.0,5048.0,150155.85714285713,5396.142857142857,2020-06-01,125999.46666666666,3158.1428571428405,Increasing
2020-06-23,128045.0,4078.0,151802.14285714287,5351.0,2020-06-01,126105.7,1646.2857142857392,Increasing
2020-06-24,138244.0,4269.0,154304.2857142857,5101.285714285715,2020-06-01,127531.33333333333,2502.1428571428405,Increasing
2020-06-25,170081.0,5529.0,152970.0,5104.285714285715,2020-06-01,130164.5,-1334.2857142857101,Declining
2020-06-26,176536.0,5331.0,157553.7142857143,5067.142857142857,2020-06-01,133145.4,4583.71428571429,Increasing
2020-06-27,182223.0,7011.0,163583.0,5280.571428571428,2020-06-01,136004.66666666666,6029.28571428571,Increasing
2020-06-28,209013.0,5449.0,165207.14285714287,5245.0,2020-06-01,139455.2,1624.1428571428696,Increasing
2020-06-29,175516.0,4970.0,168522.57142857142,5233.857142857143,2020-06-01,141377.7,3315.4285714285506,Increasing
2020-06-30,155773.0,4367.0,172483.7142857143,5275.142857142857,2020-06-01,142066.23333333334,3961.1428571428696,Increasing
2020-07-01,166706.0,4851.0,176549.7142857143,5358.285714285715,2020-07-01,143453.63333333333,4066.0,Increasing
2020-07-02,181036.0,5262.0,178114.7142857143,5320.142857142857,2020-07-01,145917.76666666666,1565.0,Increasing
2020-07-03,208023.0,5325.0,182612.85714285713,5319.285714285715,2020-07-01,149625.86666666667,4498.1428571428405,Increasing
2020-07-04,210685.0,5527.0,186678.85714285713,5107.285714285715,2020-07-01,152596.06666666668,4066.0,Increasing
2020-07-05,229608.0,6060.0,189621.0,5194.571428571428,2020-07-01,156116.13333333333,2942.1428571428696,Increasing
2020-07-06,187945.0,5215.0,191396.57142857142,5229.571428571428,2020-07-01,158229.53333333333,1775.5714285714203,Increasing
2020-07-07,164242.0,4688.0,192606.42857142858,5275.428571428572,2020-07-01,158877.56666666668,1209.8571428571595,Increasing
2020-07-08,172968.0,5033.0,193501.0,5301.428571428572,2020-07-01,160534.86666666667,894.5714285714203,Increasing
2020-07-09,210702.0,5854.0,197739.0,5386.0,2020-07-01,163966.73333333334,4238.0,Increasing
2020-07-10,222028.0,5906.0,199739.7142857143,5469.0,2020-07-01,167817.43333333332,2000.7142857142899,Increasing
2020-07-11,218570.0,5952.0,200866.14285714287,5529.714285714285,2020-07-01,170803.96666666667,1126.4285714285797,Increasing
2020-07-12,250396.0,6137.0,203835.85714285713,5540.714285714285,2020-07-01,174547.26666666666,2969.7142857142608,Increasing
2020-07-13,215359.0,5815.0,207752.14285714287,5626.428571428572,2020-07-01,177090.16666666666,3916.2857142857392,Increasing
2020-07-14,190628.0,5145.0,211521.57142857142,5691.714285714285,2020-07-01,178187.3,3769.4285714285506,Increasing
2020-07-15,188729.0,5304.0,213773.14285714287,5730.428571428572,2020-07-01,180138.23333333334,2251.5714285714494,Increasing
2020-07-16,227124.0,6165.0,216119.14285714287,5774.857142857143,2020-07-01,183825.0,2346.0,Increasing
2020-07-17,239778.0,6491.0,218654.85714285713,5858.428571428572,2020-07-01,187793.3,2535.7142857142608,Increasing
2020-07-18,241803.0,7200.0,221973.85714285713,6036.714285714285,2020-07-01,189872.7,3319.0,Increasing
2020-07-19,269265.0,6430.0,224669.42857142858,6078.571428571428,2020-07-01,194033.2,2695.5714285714494,Increasing
2020-07-20,226068.0,5981.0,226199.2857142857,6102.285714285715,2020-07-01,196901.53333333333,1529.8571428571304,Increasing
2020-07-21,200910.0,5516.0,227668.14285714287,6155.285714285715,2020-07-01,197010.4,1468.8571428571595,Increasing
2020-07-22,204804.0,5567.0,229964.57142857142,6192.857142857143,2020-07-01,198760.26666666666,2296.4285714285506,Increasing
2020-07-23,243383.0,7584.0,232287.2857142857,6395.571428571428,2020-07-01,202604.86666666667,2322.71428571429,Increasing
2020-07-24,285219.0,6491.0,238778.85714285713,6395.571428571428,2020-07-01,207504.03333333333,6491.57142857142,Increasing
2020-07-25,277084.0,6714.0,243819.0,6326.142857142857,2020-07-01,211070.8,5040.14285714287,Increasing
2020-07-26,303821.0,6928.0,248755.57142857142,6397.285714285715,2020-07-01,215313.63333333333,4936.57142857142,Increasing
2020-07-27,247703.0,6264.0,251846.2857142857,6437.714285714285,2020-07-01,217496.3,3090.71428571429,Increasing
2020-07-28,211206.0,5536.0,253317.14285714287,6440.571428571428,2020-07-01,217569.4,1470.8571428571595,Increasing
2020-07-29,223059.0,5973.0,255925.0,6498.571428571428,2020-07-01,219154.16666666666,2607.8571428571304,Increasing
2020-07-30,254496.0,6318.0,257512.57142857142,6317.714285714285,2020-07-01,222444.93333333332,1587.5714285714203,Increasing
2020-07-31,293862.0,7172.0,258747.2857142857,6415.0,2020-07-01,226683.46666666667,1234.7142857142899,Increasing
2020-08-01,283541.0,6601.0,259669.7142857143,6398.857142857143,2020-08-01,230100.3,922.4285714285797,Increasing
2020-08-02,324754.0,6953.0,262660.14285714284,6402.428571428572,2020-08-01,233991.33333333334,2990.4285714285506,Increasing
2020-08-03,249017.0,6574.0,262847.85714285716,6446.714285714285,2020-08-01,235269.06666666668,187.71428571431898,Increasing
2020-08-04,218114.0,5767.0,263834.71428571426,6479.714285714285,2020-08-01,234885.93333333332,986.8571428571013,Increasing
2020-08-05,212305.0,5849.0,262298.4285714286,6462.0,2020-08-01,235697.93333333332,-1536.285714285681,Declining
2020-08-06,263309.0,6823.0,263557.4285714286,6534.142857142857,2020-08-01,239000.16666666666,1259.0,Increasing
2020-08-07,281889.0,7075.0,261847.0,6520.285714285715,2020-08-01,242630.86666666667,-1710.4285714285797,Declining
2020-08-08,272656.0,6628.0,260292.0,6524.142857142857,2020-08-01,244696.0,-1555.0,Declining
2020-08-09,340747.0,6971.0,262576.71428571426,6526.714285714285,2020-08-01,248653.3,2284.7142857142608,Increasing
2020-08-10,253516.0,6464.0,263219.4285714286,6511.0,2020-08-01,249818.16666666666,642.714285714319,Increasing
2020-08-11,212304.0,5582.0,262389.4285714286,6484.571428571428,2020-08-01,248548.43333333332,-830.0,Declining
2020-08-12,220898.0,5534.0,263617.0,6439.571428571428,2020-08-01,248733.06666666668,1227.5714285714203,Increasing
2020-08-13,280312.0,6765.0,266046.0,6431.285714285715,2020-08-01,251722.53333333333,2429.0,Increasing
2020-08-14,279096.0,6834.0,265647.0,6396.857142857143,2020-08-01,254734.76666666666,-399.0,Declining
2020-08-15,284273.0,6592.0,267306.5714285714,6391.714285714285,2020-08-01,256639.73333333334,1659.5714285714203,Increasing
2020-08-16,354499.0,6913.0,269271.14285714284,6383.428571428572,2020-08-01,260463.76666666666,1964.5714285714203,Increasing
2020-08-17,241475.0,5830.0,267551.0,6292.857142857143,2020-08-01,260452.83333333334,-1720.1428571428405,Declining
2020-08-18,210777.0,5422.0,267332.85714285716,6270.0,2020-08-01,258503.23333333334,-218.1428571428405,Declining
2020-08-19,220334.0,5587.0,267252.28571428574,6277.571428571428,2020-08-01,258312.1,-80.57142857142026,Declining
2020-08-20,264466.0,6457.0,264988.5714285714,6233.571428571428,2020-08-01,260430.63333333333,-2263.714285714319,Declining
2020-08-21,271798.0,6728.0,263946.0,6218.428571428572,2020-08-01,262663.76666666666,-1042.5714285714203,Declining
2020-08-22,262817.0,6134.0,260880.85714285713,6153.0,2020-08-01,263311.56666666665,-3065.1428571428696,Declining
2020-08-23,351479.0,6548.0,260449.42857142858,6100.857142857143,2020-08-01,265520.23333333334,-431.42857142855064,Declining
2020-08-24,245238.0,5881.0,260987.0,6108.142857142857,2020-08-01,264458.7,537.5714285714203,Increasing
2020-08-25,210744.0,5176.0,260982.2857142857,6073.0,2020-08-01,261356.13333333333,-4.714285714289872,Declining
2020-08-26,217709.0,5335.0,260607.2857142857,6037.0,2020-08-01,260356.33333333334,-375.0,Declining
2020-08-27,267255.0,6377.0,261005.7142857143,6025.571428571428,2020-08-01,262224.63333333336,398.42857142857974,Increasing
2020-08-28,271846.0,6323.0,261012.57142857142,5967.714285714285,2020-08-01,263850.86666666664,6.857142857130384,Increasing
2020-08-29,267702.0,5762.0,261710.42857142858,5914.571428571428,2020-08-01,264291.06666666665,697.8571428571595,Increasing
2020-08-30,394215.0,6621.0,267815.5714285714,5925.0,2020-08-01,267636.1666666667,6105.1428571428405,Increasing
2020-08-31,256751.0,5732.0,269460.28571428574,5903.714285714285,2020-08-01,266743.1666666667,1644.714285714319,Increasing
2020-09-01,209583.0,4748.0,269294.4285714286,5842.571428571428,2020-09-01,262904.13333333336,-165.8571428571595,Declining
2020-09-02,254567.0,5054.0,274559.85714285716,5802.428571428572,2020-09-01,263089.13333333336,5265.42857142858,Increasing
2020-09-03,266126.0,6150.0,274398.5714285714,5770.0,2020-09-01,264689.5333333333,-161.28571428573923,Declining
2020-09-04,277886.0,6152.0,275261.4285714286,5745.571428571428,2020-09-01,266875.56666666665,862.8571428571595,Increasing
2020-09-05,277270.0,5646.0,276628.28571428574,5729.0,2020-09-01,267340.93333333335,1366.8571428571595,Increasing
2020-09-06,442284.0,6514.0,283495.28571428574,5713.714285714285,2020-09-01,272687.43333333335,6867.0,Increasing
2020-09-07,255752.0,9109.0,283352.5714285714,6196.142857142857,2020-09-01,272123.9666666667,-142.71428571431898,Declining
2020-09-08,214376.0,6550.0,284037.28571428574,6453.571428571428,2020-09-01,267911.6,684.714285714319,Increasing
2020-09-09,221256.0,4611.0,279278.5714285714,6390.285714285715,2020-09-01,266836.26666666666,-4758.714285714319,Declining
2020-09-10,246495.0,4936.0,276474.14285714284,6216.857142857143,2020-09-01,267975.9666666667,-2804.4285714285797,Declining
2020-09-11,276331.0,5828.0,276252.0,6170.571428571428,2020-09-01,269823.73333333334,-222.1428571428405,Declining
2020-09-12,282947.0,5628.0,277063.0,6168.0,2020-09-01,269911.56666666665,811.0,Increasing
2020-09-13,467097.0,6579.0,280607.71428571426,6177.285714285715,2020-09-01,276178.26666666666,3544.7142857142608,Increasing
2020-09-14,264279.0,5217.0,281825.85714285716,5621.285714285715,2020-09-01,275511.8,1218.1428571428987,Increasing
2020-09-15,228991.0,4963.0,283913.71428571426,5394.571428571428,2020-09-01,271328.2,2087.8571428571013,Increasing
2020-09-16,244954.0,4725.0,287299.14285714284,5410.857142857143,2020-09-01,271444.1666666667,3385.4285714285797,Increasing
2020-09-17,278106.0,5719.0,291815.0,5522.714285714285,2020-09-01,273688.4666666667,4515.8571428571595,Increasing
2020-09-18,291842.0,5944.0,294030.85714285716,5539.285714285715,2020-09-01,276072.06666666665,2215.8571428571595,Increasing
2020-09-19,286413.0,5354.0,294526.0,5500.142857142857,2020-09-01,276803.63333333336,495.1428571428405,Increasing
2020-09-20,501156.0,7120.0,299391.5714285714,5577.428571428572,2020-09-01,284448.9,4865.57142857142,Increasing
2020-09-21,264915.0,4994.0,299482.4285714286,5545.571428571428,2020-09-01,284518.8333333333,90.85714285715949,Increasing
2020-09-22,225803.0,4457.0,299027.0,5473.285714285715,2020-09-01,280329.63333333336,-455.42857142857974,Declining
2020-09-23,251940.0,4705.0,300025.0,5470.428571428572,2020-09-01,280553.0333333333,998.0,Increasing
2020-09-24,291305.0,5344.0,301910.5714285714,5416.857142857143,2020-09-01,283238.4,1885.5714285714203,Increasing
2020-09-25,286577.0,5551.0,301158.4285714286,5360.714285714285,2020-09-01,285534.0,-752.1428571428405,Declining
2020-09-26,286993.0,5504.0,301241.28571428574,5382.142857142857,2020-09-01,286191.93333333335,82.85714285715949,Increasing
2020-09-27,496166.0,7163.0,300528.4285714286,5388.285714285715,2020-09-01,293669.26666666666,-712.8571428571595,Declining
2020-09-28,263426.0,5073.0,300315.71428571426,5399.571428571428,2020-09-01,293526.73333333334,-212.71428571431898,Declining
2020-09-29,223931.0,4361.0,300048.28571428574,5385.857142857143,2020-09-01,287850.6,-267.42857142852154,Declining
2020-09-30,253886.0,4603.0,300326.28571428574,5371.285714285715,2020-09-01,287755.1,278.0,Increasing
2020-10-01,290593.0,5592.0,300224.5714285714,5406.714285714285,2020-10-01,290455.43333333335,-101.71428571431898,Declining
2020-10-02,298043.0,5617.0,301862.5714285714,5416.142857142857,2020-10-01,291904.63333333336,1638.0,Increasing
2020-10-03,294188.0,5035.0,302890.4285714286,5349.142857142857,2020-10-01,292840.0333333333,1027.8571428571595,Increasing
2020-10-04,508808.0,7290.0,304696.4285714286,5367.285714285715,2020-10-01,300537.43333333335,1806.0,Increasing
2020-10-05,272957.0,4842.0,306058.0,5334.285714285715,2020-10-01,300393.6666666667,1361.5714285714203,Increasing
2020-10-06,229823.0,4510.0,306899.71428571426,5355.571428571428,2020-10-01,293311.63333333336,841.7142857142608,Increasing
2020-10-07,272196.0,4598.0,309515.4285714286,5354.857142857143,2020-10-01,293859.76666666666,2615.714285714319,Increasing
2020-10-08,321252.0,5447.0,313895.28571428574,5334.142857142857,2020-10-01,297422.3,4379.8571428571595,Increasing
2020-10-09,314108.0,5820.0,316190.28571428574,5363.142857142857,2020-10-01,300517.36666666664,2295.0,Increasing
2020-10-10,320238.0,5223.0,319911.71428571426,5390.0,2020-10-01,302975.4666666667,3721.4285714285215,Increasing
2020-10-11,634315.0,7686.0,337841.28571428574,5446.571428571428,2020-10-01,314908.26666666666,17929.57142857148,Increasing
2020-10-12,284827.0,4630.0,339537.0,5416.285714285715,2020-10-01,314970.93333333335,1695.7142857142608,Increasing
2020-10-13,253371.0,4466.0,342901.0,5410.0,2020-10-01,307846.73333333334,3364.0,Increasing
2020-10-14,292388.0,4420.0,345785.5714285714,5384.571428571428,2020-10-01,308783.7,2884.5714285714203,Increasing
2020-10-15,314297.0,4737.0,344792.0,5283.142857142857,2020-10-01,311627.23333333334,-993.5714285714203,Declining
2020-10-16,339222.0,5400.0,348379.71428571426,5223.142857142857,2020-10-01,314769.5,3587.7142857142608,Increasing
2020-10-17,341037.0,5394.0,351351.0,5247.571428571428,2020-10-01,316867.2,2971.2857142857392,Increasing
2020-10-18,772962.0,9039.0,371157.71428571426,5440.857142857143,2020-10-01,332904.5333333333,19806.71428571426,Increasing
2020-10-19,303580.0,4825.0,373836.71428571426,5468.714285714285,2020-10-01,333476.76666666666,2679.0,Increasing
2020-10-20,273645.0,4755.0,376733.0,5510.0,2020-10-01,325893.06666666665,2896.2857142857392,Increasing
2020-10-21,342730.0,5056.0,383924.71428571426,5600.857142857143,2020-10-01,328486.9,7191.714285714261,Increasing
2020-10-22,370939.0,5643.0,392016.4285714286,5730.285714285715,2020-10-01,333324.76666666666,8091.714285714319,Increasing
2020-10-23,386150.0,6070.0,398720.4285714286,5826.0,2020-10-01,337798.43333333335,6704.0,Increasing
2020-10-24,391423.0,5655.0,405918.4285714286,5863.285714285715,2020-10-01,341135.7,7198.0,Increasing
2020-10-25,1022303.0,11011.0,441538.5714285714,6145.0,2020-10-01,365659.9,35620.14285714284,Increasing
2020-10-26,352021.0,5407.0,448458.71428571426,6228.142857142857,2020-10-01,367827.5,6920.1428571428405,Increasing
2020-10-27,303870.0,4976.0,452776.5714285714,6259.714285714285,2020-10-01,361417.63333333336,4317.8571428571595,Increasing
2020-10-28,385701.0,5494.0,458915.28571428574,6322.285714285715,2020-10-01,365493.4666666667,6138.714285714319,Increasing
2020-10-29,417499.0,6071.0,465566.71428571426,6383.428571428572,2020-10-01,371945.73333333334,6651.4285714285215,Increasing
2020-10-30,428492.0,6324.0,471615.5714285714,6419.714285714285,2020-10-01,377765.93333333335,6048.8571428571595,Increasing
2020-10-31,437224.0,6280.0,478158.5714285714,6509.0,2020-10-01,382653.63333333336,6543.0,Increasing
2020-11-01,1201547.0,14942.0,503764.85714285716,7070.571428571428,2020-11-01,412770.43333333335,25606.28571428574,Increasing
2020-11-02,379752.0,5957.0,507726.4285714286,7149.142857142857,2020-11-01,415622.56666666665,3961.5714285714203,Increasing
2020-11-03,406820.0,5607.0,522433.5714285714,7239.285714285715,2020-11-01,412222.9666666667,14707.14285714284,Increasing
2020-11-04,413829.0,6186.0,526451.8571428572,7338.142857142857,2020-11-01,416918.7,4018.2857142857392,Increasing
2020-11-05,447972.0,7059.0,530805.1428571428,7479.285714285715,2020-11-01,424190.3333333333,4353.285714285681,Increasing
2020-11-06,482035.0,7560.0,538454.1428571428,7655.857142857143,2020-11-01,431184.9666666667,7649.0,Increasing
2020-11-07,490015.0,7727.0,545995.7142857143,7862.571428571428,2020-11-01,436810.4,7541.5714285714785,Increasing
2020-11-08,1237024.0,18955.0,551063.8571428572,8435.857142857143,2020-11-01,467574.26666666666,5068.1428571428405,Increasing
2020-11-09,441125.0,6414.0,559831.4285714285,8501.142857142857,2020-11-01,471603.8333333333,8767.571428571362,Increasing
2020-11-10,396106.0,6410.0,558300.8571428572,8615.857142857143,2020-11-01,463663.5333333333,-1530.571428571362,Declining
2020-11-11,465225.0,7146.0,565643.1428571428,8753.0,2020-11-01,469676.8,7342.285714285681,Increasing
2020-11-12,512680.0,8029.0,574887.1428571428,8891.57142857143,2020-11-01,478320.43333333335,9244.0,Increasing
2020-11-13,544349.0,7912.0,583789.1428571428,8941.857142857143,2020-11-01,486719.13333333336,8902.0,Increasing
2020-11-14,537604.0,8189.0,590587.5714285715,9007.857142857143,2020-11-01,494162.7,6798.428571428638,Increasing
2020-11-15,1152026.0,21320.0,578445.0,9345.714285714286,2020-11-01,521256.1666666667,-12142.571428571478,Declining
2020-11-16,478280.0,8040.0,583752.8571428572,9578.0,2020-11-01,525830.9333333333,5307.8571428571595,Increasing
2020-11-17,420211.0,6774.0,587196.4285714285,9630.0,2020-11-01,514072.56666666665,3443.571428571362,Increasing
2020-11-18,473072.0,7293.0,588317.4285714285,9651.0,2020-11-01,519722.3,1121.0,Increasing
2020-11-19,537894.0,8929.0,591919.4285714285,9779.57142857143,2020-11-01,528530.6,3602.0,Increasing
2020-11-20,544408.0,9144.0,591927.8571428572,9955.57142857143,2020-11-01,535253.2,8.428571428637952,Increasing
2020-11-21,552670.0,9354.0,594080.1428571428,10122.0,2020-11-01,541310.9,2152.285714285681,Increasing
2020-11-22,1104097.0,24000.0,587233.1428571428,10504.857142857143,2020-11-01,565242.4666666667,-6847.0,Declining
2020-11-23,483692.0,8135.0,588006.2857142857,10518.42857142857,2020-11-01,568318.1,773.1428571428405,Increasing
2020-11-24,427111.0,8108.0,588992.0,10709.0,2020-11-01,548478.3666666667,985.714285714319,Increasing
2020-11-25,482379.0,8679.0,590321.5714285715,10907.0,2020-11-01,552823.6333333333,1329.5714285714785,Increasing
2020-11-26,527370.0,9242.0,588818.1428571428,10951.714285714286,2020-11-01,560273.6333333333,-1503.428571428638,Declining
2020-11-27,584198.0,9890.0,594502.4285714285,11058.285714285714,2020-11-01,566890.2,5684.285714285681,Increasing
2020-11-28,517623.0,9051.0,589495.7142857143,11015.0,2020-11-01,570227.6666666666,-5006.714285714203,Declining
2020-11-29,999639.0,23070.0,574573.1428571428,10882.142857142857,2020-11-01,589265.9,-14922.571428571478,Declining
2020-11-30,473479.0,7932.0,573114.1428571428,10853.142857142857,2020-11-01,590474.4,-1459.0,Declining
2020-12-01,433213.0,8004.0,573985.8571428572,10838.285714285714,2020-12-01,564863.2666666667,871.714285714319,Increasing
2020-12-02,482751.0,8728.0,574039.0,10845.285714285714,2020-12-01,568296.5666666667,53.14285714284051,Increasing
2020-12-03,570463.0,9883.0,580195.1428571428,10936.857142857143,2020-12-01,573751.3333333334,6156.1428571428405,Increasing
2020-12-04,594921.0,10508.0,581727.0,11025.142857142857,2020-12-01,579787.7333333333,1531.8571428571595,Increasing
2020-12-05,597492.0,10362.0,593136.8571428572,11212.42857142857,2020-12-01,584771.7333333333,11409.85714285716,Increasing
2020-12-06,1048340.0,24027.0,600094.1428571428,11349.142857142857,2020-12-01,603648.5666666667,6957.285714285681,Increasing
2020-12-07,517256.0,8689.0,606348.0,11457.285714285714,2020-12-01,604556.6,6253.8571428571595,Increasing
2020-12-08,464342.0,7776.0,610795.0,11424.714285714286,2020-12-01,578800.5333333333,4447.0,Increasing
2020-12-09,514331.0,9206.0,615306.4285714285,11493.0,2020-12-01,581240.7333333333,4511.4285714285215,Increasing
2020-12-10,602013.0,9749.0,619813.5714285715,11473.857142857143,2020-12-01,588104.3,4507.142857142957,Increasing
2020-12-11,599907.0,11166.0,620525.8571428572,11567.857142857143,2020-12-01,592593.7,712.285714285681,Increasing
2020-12-12,585118.0,10090.0,618758.1428571428,11529.0,2020-12-01,595008.3,-1767.714285714319,Declining
2020-12-13,1111357.0,25785.0,627760.5714285715,11780.142857142857,2020-12-01,613908.5666666667,9002.428571428638,Increasing
2020-12-14,525364.0,9005.0,628918.8571428572,11825.285714285714,2020-12-01,613500.5666666667,1158.285714285681,Increasing
2020-12-15,465681.0,8503.0,629110.1428571428,11929.142857142857,2020-12-01,590622.4,191.28571428568102,Increasing
2020-12-16,544973.0,9461.0,633487.5714285715,11965.57142857143,2020-12-01,592845.5,4377.428571428638,Increasing
2020-12-17,574310.0,10435.0,629530.0,12063.57142857143,2020-12-01,597982.1333333333,-3957.5714285714785,Declining
2020-12-18,641986.0,11013.0,635541.2857142857,12041.714285714286,2020-12-01,603612.6,6011.285714285681,Increasing
2020-12-19,643255.0,11384.0,643846.5714285715,12226.57142857143,2020-12-01,607124.6333333333,8305.285714285797,Increasing
2020-12-20,1146730.0,25889.0,648899.8571428572,12241.42857142857,2020-12-01,627202.0333333333,5053.285714285681,Increasing
2020-12-21,519457.0,9556.0,648056.0,12320.142857142857,2020-12-01,626094.9333333333,-843.8571428571595,Declining
2020-12-22,477276.0,8667.0,649712.4285714285,12343.57142857143,2020-12-01,605200.9,1656.4285714285215,Increasing
2020-12-23,526362.0,9633.0,647053.7142857143,12368.142857142857,2020-12-01,606623.2333333333,-2658.7142857142026,Declining
2020-12-24,592422.0,10865.0,649641.1428571428,12429.57142857143,2020-12-01,612133.6,2587.4285714285215,Increasing
2020-12-25,586634.0,10821.0,641733.7142857143,12402.142857142857,2020-12-01,615608.7666666667,-7907.4285714285215,Declining
2020-12-26,544266.0,10055.0,627592.4285714285,12212.285714285714,2020-12-01,616171.9666666667,-14141.285714285797,Declining
2020-12-27,871395.0,22194.0,588258.8571428572,11684.42857142857,2020-12-01,625745.2,-39333.57142857136,Declining
2020-12-28,406866.0,8178.0,572174.4285714285,11487.57142857143,2020-12-01,622053.3,-16084.428571428638,Declining
2020-12-29,445595.0,8944.0,567648.5714285715,11527.142857142857,2020-12-01,603585.1666666666,-4525.857142857043,Declining
2020-12-30,513461.0,10137.0,565805.5714285715,11599.142857142857,2020-12-01,604917.9,-1843.0,Declining
2020-12-31,652693.0,11956.0,574415.7142857143,11755.0,2020-12-01,612233.9,8610.14285714284,Increasing
2021-01-01,660926.0,12356.0,585028.8571428572,11974.285714285714,2021-01-01,618173.0666666667,10613.14285714284,Increasing
2021-01-02,590642.0,11269.0,591654.0,12147.714285714286,2021-01-01,618845.7,6625.1428571428405,Increasing
2021-01-03,976289.0,23455.0,606638.8571428572,12327.857142857143,2021-01-01,631557.9666666667,14984.85714285716,Increasing
2021-01-04,517437.0,9153.0,622434.7142857143,12467.142857142857,2021-01-01,628889.4666666667,15795.85714285716,Increasing
2021-01-05,522302.0,8868.0,633392.8571428572,12456.285714285714,2021-01-01,611354.8666666667,10958.14285714284,Increasing
2021-01-06,570358.0,10328.0,641521.0,12483.57142857143,2021-01-01,613124.9333333333,8128.1428571428405,Increasing
2021-01-07,685002.0,12299.0,646136.5714285715,12532.57142857143,2021-01-01,620480.2666666667,4615.5714285714785,Increasing
2021-01-08,694412.0,12470.0,650920.2857142857,12548.857142857143,2021-01-01,626482.9666666667,4783.714285714203,Increasing
2021-01-09,718622.0,13281.0,669203.1428571428,12836.285714285714,2021-01-01,630369.9333333333,18282.85714285716,Increasing
2021-01-10,1298253.0,25950.0,715198.0,13192.714285714286,2021-01-01,653648.1333333333,45994.85714285716,Increasing
2021-01-11,608938.0,11404.0,728269.5714285715,13514.285714285714,2021-01-01,654442.1333333333,13071.571428571478,Increasing
2021-01-12,541013.0,10675.0,730942.5714285715,13772.42857142857,2021-01-01,635430.6666666666,2673.0,Increasing
2021-01-13,564455.0,11818.0,730099.2857142857,13985.285714285714,2021-01-01,636733.7,-843.2857142857974,Declining
2021-01-14,628047.0,13339.0,721962.8571428572,14133.857142857143,2021-01-01,642145.9,-8136.4285714285215,Declining
2021-01-15,622730.0,13739.0,711722.5714285715,14315.142857142857,2021-01-01,644737.8,-10240.285714285681,Declining
2021-01-16,616200.0,13263.0,697090.8571428572,14312.57142857143,2021-01-01,646134.1333333333,-14631.714285714319,Declining
2021-01-17,1270390.0,26732.0,693110.4285714285,14424.285714285714,2021-01-01,667080.9333333333,-3980.428571428638,Declining
2021-01-18,531390.0,12058.0,682032.1428571428,14517.714285714286,2021-01-01,663352.1,-11078.285714285681,Declining
2021-01-19,469186.0,11225.0,671771.1428571428,14596.285714285714,2021-01-01,640767.3,-10261.0,Declining
2021-01-20,472398.0,11744.0,658620.1428571428,14585.714285714286,2021-01-01,639198.6666666666,-13151.0,Declining
2021-01-21,516608.0,12966.0,642700.2857142857,14532.42857142857,2021-01-01,640509.7333333333,-15919.85714285716,Declining
2021-01-22,553866.0,14171.0,632862.5714285715,14594.142857142857,2021-01-01,641426.5333333333,-9837.714285714203,Declining
2021-01-23,527235.0,13614.0,620153.2857142857,14644.285714285714,2021-01-01,639253.6333333333,-12709.285714285797,Declining
2021-01-24,1154857.0,27937.0,603648.5714285715,14816.42857142857,2021-01-01,658194.4,-16504.714285714203,Declining
2021-01-25,452777.0,11737.0,592418.1428571428,14770.57142857143,2021-01-01,655144.7666666667,-11230.428571428638,Declining
2021-01-26,380168.0,11062.0,579701.2857142857,14747.285714285714,2021-01-01,638770.5333333333,-12716.85714285716,Declining
2021-01-27,421979.0,11501.0,572498.5714285715,14712.57142857143,2021-01-01,639274.3,-7202.714285714203,Declining
2021-01-28,476128.0,13723.0,566715.7142857143,14820.714285714286,2021-01-01,640292.0666666667,-5782.8571428571595,Declining
2021-01-29,493716.0,13548.0,558122.8571428572,14731.714285714286,2021-01-01,639633.9,-8592.85714285716,Declining
2021-01-30,474444.0,13185.0,550581.2857142857,14670.42857142857,2021-01-01,633692.2666666667,-7541.5714285714785,Declining
2021-01-31,1035153.0,25898.0,533480.7142857143,14379.142857142857,2021-01-01,646166.5,-17100.571428571362,Declining
2021-02-01,397361.0,10921.0,525564.1428571428,14262.57142857143,2021-02-01,639723.8,-7916.5714285714785,Declining
2021-02-02,330966.0,9862.0,518535.28571428574,14091.142857142857,2021-02-01,618213.0333333333,-7028.857142857101,Declining
2021-02-03,373863.0,10626.0,511661.5714285714,13966.142857142857,2021-02-01,613427.2333333333,-6873.714285714319,Declining
2021-02-04,414639.0,11821.0,502877.4285714286,13694.42857142857,2021-02-01,609838.4666666667,-8784.14285714284,Declining
2021-02-05,401555.0,11790.0,489711.5714285714,13443.285714285714,2021-02-01,604211.7,-13165.85714285716,Declining
2021-02-06,411362.0,11014.0,480699.85714285716,13133.142857142857,2021-02-01,595090.3666666667,-9011.71428571426,Declining
2021-02-07,834344.0,23248.0,452012.85714285716,12754.57142857143,2021-02-01,599754.7666666667,-28687.0,Declining
2021-02-08,340192.0,9765.0,443845.85714285716,12589.42857142857,2021-02-01,587140.4333333333,-8167.0,Declining
2021-02-09,293979.0,8452.0,438562.0,12388.0,2021-02-01,553664.6333333333,-5283.8571428571595,Declining
2021-02-10,308923.0,9318.0,429284.85714285716,12201.142857142857,2021-02-01,543664.1333333333,-9277.14285714284,Declining
2021-02-11,354140.0,10572.0,420642.14285714284,12022.714285714286,2021-02-01,537435.0333333333,-8642.714285714319,Declining
2021-02-12,372843.0,10677.0,416540.4285714286,11863.714285714286,2021-02-01,531047.9666666667,-4101.714285714261,Declining
2021-02-13,366687.0,10862.0,410158.28571428574,11842.0,2021-02-01,522335.9666666667,-6382.1428571428405,Declining
2021-02-14,682733.0,21839.0,388499.5714285714,11640.714285714286,2021-02-01,524336.0666666667,-21658.71428571432,Declining
2021-02-15,291063.0,9418.0,381481.14285714284,11591.142857142857,2021-02-01,513498.1666666667,-7018.42857142858,Declining
2021-02-16,257429.0,7761.0,376259.71428571426,11492.42857142857,2021-02-01,479732.8,-5221.42857142858,Declining
2021-02-17,289088.0,7688.0,373426.14285714284,11259.57142857143,2021-02-01,471656.06666666665,-2833.5714285714203,Declining
2021-02-18,319181.0,8198.0,368432.0,10920.42857142857,2021-02-01,466655.9,-4994.1428571428405,Declining
2021-02-19,332673.0,9137.0,362693.4285714286,10700.42857142857,2021-02-01,461998.4,-5738.57142857142,Declining
2021-02-20,331702.0,9295.0,357695.5714285714,10476.57142857143,2021-02-01,455834.86666666664,-4997.8571428571595,Declining
2021-02-21,652098.0,16928.0,353319.14285714284,9775.0,2021-02-01,459109.26666666666,-4376.42857142858,Declining
2021-02-22,301587.0,7760.0,354822.5714285714,9538.142857142857,2021-02-01,451587.6666666667,1503.4285714285797,Increasing
2021-02-23,266459.0,7147.0,356112.5714285714,9450.42857142857,2021-02-01,421974.4,1290.0,Increasing
2021-02-24,297461.0,7573.0,357308.71428571426,9434.0,2021-02-01,416797.2,1196.1428571428405,Increasing
2021-02-25,362073.0,8310.0,363436.14285714284,9450.0,2021-02-01,416194.0333333333,6127.42857142858,Increasing
2021-02-26,370333.0,8729.0,368816.14285714284,9391.714285714286,2021-02-01,414472.5,5380.0,Increasing
2021-02-27,367218.0,9432.0,373889.85714285716,9411.285714285714,2021-02-01,410842.1666666667,5073.714285714319,Increasing
2021-02-28,695628.0,15049.0,380108.4285714286,9142.857142857143,2021-02-01,417572.56666666665,6218.57142857142,Increasing
2021-03-01,313641.0,7512.0,381830.4285714286,9107.42857142857,2021-03-01,412212.4666666667,1722.0,Increasing
2021-03-02,269829.0,6579.0,382311.85714285716,9026.285714285714,2021-03-01,386701.6666666667,481.42857142857974,Increasing
2021-03-03,311577.0,7182.0,384328.4285714286,8970.42857142857,2021-03-01,383842.2,2016.5714285714203,Increasing
2021-03-04,357633.0,7784.0,383694.14285714284,8895.285714285714,2021-03-01,384731.1,-634.2857142857392,Declining
2021-03-05,377313.0,8789.0,384691.28571428574,8903.857142857143,2021-03-01,384846.1,997.1428571428987,Increasing
2021-03-06,375113.0,7907.0,385819.14285714284,8686.0,2021-03-01,383528.56666666665,1127.8571428571013,Increasing
2021-03-07,730161.0,14722.0,390752.4285714286,8639.285714285714,2021-03-01,394482.1,4933.285714285739,Increasing
2021-03-08,319921.0,7043.0,391649.5714285714,8572.285714285714,2021-03-01,391434.06666666665,897.1428571428405,Increasing
2021-03-09,322181.0,6690.0,399128.4285714286,8588.142857142857,2021-03-01,374361.9666666667,7478.8571428571595,Increasing
2021-03-10,311916.0,6776.0,399176.85714285716,8530.142857142857,2021-03-01,373419.43333333335,48.428571428579744,Increasing
2021-03-11,385424.0,8018.0,403147.0,8563.57142857143,2021-03-01,376467.6,3970.1428571428405,Increasing
2021-03-12,404860.0,9005.0,407082.28571428574,8594.42857142857,2021-03-01,379665.5,3935.2857142857392,Increasing
2021-03-13,404840.0,8446.0,411329.0,8671.42857142857,2021-03-01,381355.5,4246.714285714261,Increasing
2021-03-14,811732.0,14698.0,422982.0,8668.0,2021-03-01,395985.13333333336,11653.0,Increasing
2021-03-15,349616.0,7303.0,427224.14285714284,8705.142857142857,2021-03-01,395416.1,4242.1428571428405,Increasing
2021-03-16,311479.0,6618.0,425695.28571428574,8694.857142857143,2021-03-01,383040.9666666667,-1528.8571428571013,Declining
2021-03-17,350088.0,6979.0,431148.4285714286,8723.857142857143,2021-03-01,385008.4666666667,5453.1428571428405,Increasing
2021-03-18,442460.0,8859.0,439296.4285714286,8844.0,2021-03-01,391176.1666666667,8148.0,Increasing
2021-03-19,459408.0,8986.0,447089.0,8841.285714285714,2021-03-01,396853.5,7792.57142857142,Increasing
2021-03-20,460772.0,8847.0,455079.28571428574,8898.57142857143,2021-03-01,401573.2,7990.285714285739,Increasing
2021-03-21,951889.0,15585.0,475101.71428571426,9025.285714285714,2021-03-01,422213.73333333334,20022.42857142852,Increasing
2021-03-22,408847.0,9837.0,483563.28571428574,9387.285714285714,2021-03-01,424785.23333333334,8461.571428571478,Increasing
2021-03-23,361215.0,6919.0,490668.4285714286,9430.285714285714,2021-03-01,415089.13333333336,7105.1428571428405,Increasing
2021-03-24,412527.0,7893.0,499588.28571428574,9560.857142857143,2021-03-01,418787.13333333336,8919.85714285716,Increasing
2021-03-25,494897.0,9519.0,507079.28571428574,9655.142857142857,2021-03-01,426401.73333333334,7491.0,Increasing
2021-03-26,521558.0,8644.0,515957.85714285716,9606.285714285714,2021-03-01,433871.63333333336,8878.57142857142,Increasing
2021-03-27,518721.0,9144.0,524236.28571428574,9648.714285714286,2021-03-01,439093.23333333334,8278.42857142858,Increasing
2021-03-28,1112190.0,17118.0,547136.4285714285,9867.714285714286,2021-03-01,463821.8,22900.142857142782,Increasing
2021-03-29,465390.0,8958.0,555214.0,9742.142857142857,2021-03-01,467094.2,8077.5714285714785,Increasing
2021-03-30,405149.0,8096.0,561490.2857142857,9910.285714285714,2021-03-01,457411.56666666665,6276.285714285681,Increasing
2021-03-31,442737.0,8357.0,565806.0,9976.57142857143,2021-03-01,461714.76666666666,4315.714285714319,Increasing
2021-04-01,538217.0,10605.0,571994.5714285715,10131.714285714286,2021-04-01,470661.0333333333,6188.5714285714785,Increasing
2021-04-02,558995.0,10661.0,577342.7142857143,10419.857142857143,2021-04-01,478908.3,5348.1428571428405,Increasing
2021-04-03,567320.0,10764.0,584285.4285714285,10651.285714285714,2021-04-01,485897.86666666664,6942.714285714203,Increasing
2021-04-04,1134209.0,17976.0,587431.0,10773.857142857143,2021-04-01,511127.73333333334,3145.5714285714785,Increasing
2021-04-05,467969.0,8159.0,587799.4285714285,10659.714285714286,2021-04-01,514222.93333333335,368.42857142852154,Increasing
2021-04-06,426632.0,6881.0,590868.4285714285,10486.142857142857,2021-04-01,504105.3,3069.0,Increasing
2021-04-07,485551.0,8571.0,596984.7142857143,10516.714285714286,2021-04-01,509626.3,6116.285714285797,Increasing
2021-04-08,622735.0,12450.0,609058.7142857143,10780.285714285714,2021-04-01,519644.76666666666,12074.0,Increasing
2021-04-09,657973.0,11808.0,623198.4285714285,10944.142857142857,2021-04-01,531180.0,14139.714285714203,Increasing
2021-04-10,651027.0,12542.0,635156.5714285715,11198.142857142857,2021-04-01,540033.4333333333,11958.142857142957,Increasing
2021-04-11,1246368.0,19954.0,651179.2857142857,11480.714285714286,2021-04-01,568083.7,16022.714285714203,Increasing
2021-04-12,607775.0,9999.0,671151.5714285715,11743.57142857143,2021-04-01,574848.2,19972.285714285797,Increasing
2021-04-13,548097.0,9357.0,688503.7142857143,12097.285714285714,2021-04-01,566060.3666666667,17352.14285714284,Increasing
2021-04-14,608949.0,9722.0,706132.0,12261.714285714286,2021-04-01,574704.8,17628.28571428568,Increasing
2021-04-15,707942.0,12375.0,718304.4285714285,12251.0,2021-04-01,587920.2333333333,12172.428571428522,Increasing
2021-04-16,708645.0,12127.0,725543.2857142857,12296.57142857143,2021-04-01,599872.1333333333,7238.8571428571595,Increasing
2021-04-17,717477.0,12254.0,735036.1428571428,12255.42857142857,2021-04-01,609039.3666666667,9492.85714285716,Increasing
2021-04-18,1333576.0,20063.0,747494.4285714285,12271.0,2021-04-01,638178.3,12458.285714285681,Increasing
2021-04-19,707578.0,11399.0,761752.0,12471.0,2021-04-01,646405.1666666666,14257.571428571478,Increasing
2021-04-20,639135.0,10205.0,774757.4285714285,12592.142857142857,2021-04-01,635980.0333333333,13005.428571428522,Increasing
2021-04-21,679096.0,10839.0,784778.4285714285,12751.714285714286,2021-04-01,644988.3333333334,10021.0,Increasing
2021-04-22,783895.0,13088.0,795628.8571428572,12853.57142857143,2021-04-01,659077.6666666666,10850.428571428638,Increasing
2021-04-23,800613.0,13221.0,808767.1428571428,13009.857142857143,2021-04-01,672013.8666666667,13138.285714285681,Increasing
2021-04-24,762772.0,11877.0,815237.8571428572,12956.0,2021-04-01,680943.0333333333,6470.714285714319,Increasing
2021-04-25,1322599.0,20795.0,813669.7142857143,13060.57142857143,2021-04-01,707644.4,-1568.1428571428405,Declining
2021-04-26,734649.0,12533.0,817537.0,13222.57142857143,2021-04-01,714842.0,3867.285714285681,Increasing
2021-04-27,648580.0,10883.0,818886.2857142857,13319.42857142857,2021-04-01,699388.3333333334,1349.285714285681,Increasing
2021-04-28,693518.0,11535.0,820946.5714285715,13418.857142857143,2021-04-01,706992.6,2060.2857142857974,Increasing
2021-04-29,795050.0,14169.0,822540.1428571428,13573.285714285714,2021-04-01,719989.3,1593.571428571362,Increasing
2021-04-30,805015.0,13720.0,823169.0,13644.57142857143,2021-04-01,732065.2333333333,628.8571428571595,Increasing
2021-05-01,789236.0,13274.0,826949.5714285715,13844.142857142857,2021-05-01,740432.5333333333,3780.5714285714785,Increasing
2021-05-02,1227707.0,19884.0,813393.5714285715,13714.0,2021-05-01,762722.9333333333,-13556.0,Declining
2021-05-03,710384.0,12187.0,809927.1428571428,13664.57142857143,2021-05-01,767491.7333333333,-3466.428571428638,Declining
2021-05-04,638297.0,10553.0,808458.1428571428,13617.42857142857,2021-05-01,750961.3333333334,-1469.0,Declining
2021-05-05,680136.0,11262.0,806546.4285714285,13578.42857142857,2021-05-01,758033.5666666667,-1911.714285714319,Declining
2021-05-06,776952.0,13622.0,803961.0,13500.285714285714,2021-05-01,769710.9,-2585.4285714285215,Declining
2021-05-07,784827.0,13261.0,801077.0,13434.714285714286,2021-05-01,779686.7666666667,-2884.0,Declining
2021-05-08,757887.0,12906.0,796598.5714285715,13382.142857142857,2021-05-01,784191.8333333334,-4478.4285714285215,Declining
2021-05-09,1115821.0,18437.0,780614.8571428572,13175.42857142857,2021-05-01,799453.4333333333,-15983.714285714319,Declining
2021-05-10,673336.0,12037.0,775322.2857142857,13154.0,2021-05-01,800197.0666666667,-5292.5714285714785,Declining
2021-05-11,606744.0,10917.0,770814.7142857143,13206.0,2021-05-01,778876.2666666667,-4507.571428571362,Declining
2021-05-12,609816.0,11064.0,760769.0,13177.714285714286,2021-05-01,778944.3,-10045.714285714319,Declining
2021-05-13,696520.0,12670.0,749278.7142857143,13041.714285714286,2021-05-01,783891.7333333333,-11490.285714285681,Declining
2021-05-14,675552.0,12613.0,733668.0,12949.142857142857,2021-05-01,786111.8333333334,-15610.714285714319,Declining
2021-05-15,642029.0,11874.0,717116.8571428572,12801.714285714286,2021-05-01,783914.7333333333,-16551.14285714284,Declining
2021-05-16,907808.0,16419.0,687400.7142857143,12513.42857142857,2021-05-01,790553.5,-29716.14285714284,Declining
2021-05-17,587812.0,11725.0,675183.0,12468.857142857143,2021-05-01,786231.3333333334,-12217.714285714319,Declining
2021-05-18,523807.0,11173.0,663334.8571428572,12505.42857142857,2021-05-01,759239.0333333333,-11848.14285714284,Declining
2021-05-19,530790.0,11458.0,652045.4285714285,12561.714285714286,2021-05-01,753346.1,-11289.428571428638,Declining
2021-05-20,604540.0,12477.0,638905.4285714285,12534.142857142857,2021-05-01,752192.9333333333,-13140.0,Declining
2021-05-21,598453.0,12505.0,627891.2857142857,12518.714285714286,2021-05-01,749504.8333333334,-11014.14285714284,Declining
2021-05-22,585494.0,12241.0,619814.8571428572,12571.142857142857,2021-05-01,742891.4666666667,-8076.4285714285215,Declining
2021-05-23,785462.0,14609.0,602336.8571428572,12312.57142857143,2021-05-01,742386.4333333333,-17478.0,Declining
2021-05-24,506899.0,11106.0,590777.8571428572,12224.142857142857,2021-05-01,733857.3333333334,-11559.0,Declining
2021-05-25,432270.0,9064.0,577701.1428571428,11922.857142857143,2021-05-01,704179.7,-13076.714285714319,Declining
2021-05-26,465856.0,10622.0,568424.8571428572,11803.42857142857,2021-05-01,695219.9333333333,-9276.285714285681,Declining
2021-05-27,534396.0,11453.0,558404.2857142857,11657.142857142857,2021-05-01,691413.8,-10020.571428571478,Declining
2021-05-28,518566.0,11564.0,546991.8571428572,11522.714285714286,2021-05-01,685582.0666666667,-11412.428571428522,Declining
2021-05-29,475513.0,11010.0,531280.2857142857,11346.857142857143,2021-05-01,674930.8333333334,-15711.571428571478,Declining
2021-05-30,613751.0,13782.0,506750.14285714284,11228.714285714286,2021-05-01,668555.3666666667,-24530.14285714284,Declining
2021-05-31,446119.0,10115.0,498067.28571428574,11087.142857142857,2021-05-01,657118.1333333333,-8682.857142857101,Declining
2021-06-01,372414.0,8327.0,489516.4285714286,10981.857142857143,2021-06-01,628608.3666666667,-8550.85714285716,Declining
2021-06-02,374525.0,8896.0,476469.14285714284,10735.285714285714,2021-06-01,617413.0666666667,-13047.28571428574,Declining
2021-06-03,436382.0,10137.0,462467.14285714284,10547.285714285714,2021-06-01,610682.5666666667,-14002.0,Declining
2021-06-04,454024.0,10311.0,453246.85714285716,10368.285714285714,2021-06-01,603145.5,-9220.285714285681,Declining
2021-06-05,420242.0,9888.0,445351.0,10208.0,2021-06-01,591255.1666666666,-7895.8571428571595,Declining
2021-06-06,502032.0,10771.0,429391.14285714284,9777.857142857143,2021-06-01,581828.6666666666,-15959.85714285716,Declining
2021-06-07,367172.0,8672.0,418113.0,9571.714285714286,2021-06-01,568804.8333333334,-11278.14285714284,Declining
2021-06-08,313537.0,7838.0,409702.0,9501.857142857143,2021-06-01,542062.0333333333,-8411.0,Declining
2021-06-09,330850.0,8097.0,403462.71428571426,9387.714285714286,2021-06-01,530645.8333333334,-6239.285714285739,Declining
2021-06-10,363831.0,13379.0,393098.28571428574,9850.857142857143,2021-06-01,522548.73333333334,-10364.428571428522,Declining
2021-06-11,409330.0,11109.0,386713.4285714286,9964.857142857143,2021-06-01,515865.86666666664,-6384.8571428571595,Declining
2021-06-12,391459.0,11044.0,382601.5714285714,10130.0,2021-06-01,505697.1666666667,-4111.8571428571595,Declining
2021-06-13,471530.0,11040.0,378244.14285714284,10168.42857142857,2021-06-01,498896.43333333335,-4357.42857142858,Declining
2021-06-14,355519.0,10336.0,376579.4285714286,10406.142857142857,2021-06-01,489346.1,-1664.7142857142608,Declining
2021-06-15,299219.0,8119.0,374534.0,10446.285714285714,2021-06-01,469059.8,-2045.4285714285797,Declining
2021-06-16,305611.0,7763.0,370928.4285714286,10398.57142857143,2021-06-01,459653.1,-3605.5714285714203,Declining
2021-06-17,374226.0,9550.0,372413.4285714286,9851.57142857143,2021-06-01,454667.06666666665,1485.0,Increasing
2021-06-18,398859.0,9314.0,370917.5714285714,9595.142857142857,2021-06-01,450269.36666666664,-1495.8571428571595,Declining
2021-06-19,365229.0,8477.0,367170.4285714286,9228.42857142857,2021-06-01,442292.3333333333,-3747.1428571428405,Declining
2021-06-20,438110.0,9356.0,362396.14285714284,8987.857142857143,2021-06-01,436947.56666666665,-4774.285714285739,Declining
2021-06-21,339076.0,7973.0,360047.14285714284,8650.285714285714,2021-06-01,428733.63333333336,-2349.0,Declining
2021-06-22,301339.0,6760.0,360350.0,8456.142857142857,2021-06-01,412596.2,302.8571428571595,Increasing
2021-06-23,316418.0,7038.0,361893.85714285716,8352.57142857143,2021-06-01,406246.8333333333,1543.8571428571595,Increasing
2021-06-24,404093.0,8470.0,366160.5714285714,8198.285714285714,2021-06-01,405307.6,4266.714285714261,Increasing
2021-06-25,429330.0,8542.0,370513.5714285714,8088.0,2021-06-01,404090.06666666665,4353.0,Increasing
2021-06-26,386697.0,8207.0,373580.4285714286,8049.428571428572,2021-06-01,399166.76666666666,3066.8571428571595,Increasing
2021-06-27,454781.0,9080.0,375962.0,8010.0,2021-06-01,397040.6,2381.5714285714203,Increasing
2021-06-28,362322.0,7280.0,379282.85714285716,7911.0,2021-06-01,393267.56666666665,3320.8571428571595,Increasing
2021-06-29,319338.0,6570.0,381854.14285714284,7883.857142857143,2021-06-01,383453.8,2571.285714285681,Increasing
2021-06-30,341747.0,6526.0,385472.5714285714,7810.714285714285,2021-06-01,379974.73333333334,3618.4285714285797,Increasing
2021-07-01,405064.0,8220.0,385611.28571428574,7775.0,2021-07-01,381063.06666666665,138.71428571431898,Increasing
2021-07-02,386615.0,8804.0,379509.14285714284,7812.428571428572,2021-07-01,381466.06666666665,-6102.142857142899,Declining
2021-07-03,409941.0,7968.0,382829.71428571426,7778.285714285715,2021-07-01,380584.7,3320.5714285714203,Increasing
2021-07-04,534964.0,8294.0,394284.4285714286,7666.0,2021-07-01,383282.7,11454.714285714319,Increasing
2021-07-05,372403.0,7387.0,395724.5714285714,7681.285714285715,2021-07-01,381688.06666666665,1440.1428571428405,Increasing
2021-07-06,338388.0,6667.0,398446.0,7695.142857142857,2021-07-01,376233.26666666666,2721.4285714285797,Increasing
2021-07-07,373605.0,7175.0,402997.14285714284,7787.857142857143,2021-07-01,376447.7,4551.1428571428405,Increasing
2021-07-08,455733.0,8339.0,410235.5714285714,7804.857142857143,2021-07-01,381187.56666666665,7238.42857142858,Increasing
2021-07-09,452137.0,8107.0,419595.85714285716,7705.285714285715,2021-07-01,385230.4666666667,9360.28571428574,Increasing
2021-07-10,600152.0,8355.0,446768.85714285716,7760.571428571428,2021-07-01,393107.8333333333,27173.0,Increasing
2021-07-11,693495.0,8571.0,469416.14285714284,7800.142857142857,2021-07-01,402580.0,22647.28571428568,Increasing
2021-07-12,409709.0,7684.0,474745.5714285714,7842.571428571428,2021-07-01,403188.3333333333,5329.42857142858,Increasing
2021-07-13,383602.0,7789.0,481204.71428571426,8002.857142857143,2021-07-01,400257.4,6459.1428571428405,Increasing
2021-07-14,441782.0,7384.0,490944.28571428574,8032.714285714285,2021-07-01,403132.8333333333,9739.571428571478,Increasing
2021-07-15,497135.0,8133.0,496858.85714285716,8003.285714285715,2021-07-01,409730.0333333333,5914.57142857142,Increasing
2021-07-16,518913.0,8462.0,506398.28571428574,8054.0,2021-07-01,416840.1,9539.42857142858,Increasing
2021-07-17,513328.0,8227.0,493994.85714285716,8035.714285714285,2021-07-01,421476.8333333333,-12403.42857142858,Declining
2021-07-18,842324.0,8629.0,515256.14285714284,8044.0,2021-07-01,436259.0,21261.28571428568,Increasing
2021-07-19,425639.0,7524.0,517531.85714285716,8021.142857142857,2021-07-01,438272.6666666667,2275.714285714319,Increasing
2021-07-20,410363.0,7189.0,521354.85714285716,7935.428571428572,2021-07-01,437347.76666666666,3823.0,Increasing
2021-07-21,452661.0,19923.0,522909.0,9726.714285714286,2021-07-01,441133.93333333335,1554.1428571428405,Increasing
2021-07-22,477179.0,8267.0,520058.14285714284,9745.857142857143,2021-07-01,446995.26666666666,-2850.8571428571595,Declining
2021-07-23,504620.0,8596.0,518016.28571428574,9765.0,2021-07-01,453268.6666666667,-2041.8571428571013,Declining
2021-07-24,514356.0,8819.0,518163.14285714284,9849.57142857143,2021-07-01,456944.1,146.85714285710128,Increasing
2021-07-25,971857.0,9311.0,536667.8571428572,9947.0,2021-07-01,475028.3333333333,18504.71428571432,Increasing
2021-07-26,454475.0,8600.0,540787.2857142857,10100.714285714286,2021-07-01,477287.6,4119.4285714285215,Increasing
2021-07-27,440838.0,8705.0,545140.8571428572,10317.285714285714,2021-07-01,476822.8333333333,4353.5714285714785,Increasing
2021-07-28,533089.0,8576.0,556630.5714285715,8696.285714285714,2021-07-01,482515.06666666665,11489.714285714319,Increasing
2021-07-29,589875.0,10110.0,572730.0,8959.57142857143,2021-07-01,491532.9666666667,16099.428571428522,Increasing
2021-07-30,595914.0,9692.0,585772.0,9116.142857142857,2021-07-01,500005.2,13042.0,Increasing
2021-07-31,579865.0,9416.0,595130.4285714285,9201.42857142857,2021-07-01,505831.9,9358.428571428522,Increasing
2021-08-01,949411.0,9989.0,591923.8571428572,9298.285714285714,2021-08-01,524591.7666666667,-3206.571428571362,Declining
2021-08-02,499377.0,8984.0,598338.4285714285,9353.142857142857,2021-08-01,527572.9666666667,6414.571428571362,Increasing
2021-08-03,485143.0,9067.0,604667.7142857143,9404.857142857143,2021-08-01,525912.2666666667,6329.285714285797,Increasing
2021-08-04,570906.0,9226.0,610070.1428571428,9497.714285714286,2021-08-01,532529.0333333333,5402.4285714285215,Increasing
2021-08-05,612371.0,10036.0,613283.8571428572,9487.142857142857,2021-08-01,541661.8,3213.714285714319,Increasing
2021-08-06,668694.0,10466.0,623681.0,9597.714285714286,2021-08-01,551498.1,10397.14285714284,Increasing
2021-08-07,625151.0,10035.0,630150.4285714285,9686.142857142857,2021-08-01,557145.3666666667,6469.4285714285215,Increasing
2021-08-08,959204.0,11086.0,631549.4285714285,9842.857142857143,2021-08-01,574047.6,1399.0,Increasing
2021-08-09,551977.0,9817.0,639063.7142857143,9961.857142857143,2021-08-01,572441.7666666667,7514.285714285797,Increasing
2021-08-10,506946.0,8925.0,642178.4285714285,9941.57142857143,2021-08-01,566223.4666666667,3114.7142857142026,Increasing
2021-08-11,563949.0,9103.0,641184.5714285715,9924.0,2021-08-01,571364.8,-993.8571428570431,Declining
2021-08-12,631634.0,10290.0,643936.4285714285,9960.285714285714,2021-08-01,579632.5333333333,2751.857142857043,Increasing
2021-08-13,654044.0,10060.0,641843.5714285715,9902.285714285714,2021-08-01,586707.9333333333,-2092.857142857043,Declining
2021-08-14,654116.0,9949.0,645981.4285714285,9890.0,2021-08-01,591940.6333333333,4137.857142857043,Increasing
2021-08-15,956273.0,11535.0,645562.7142857143,9954.142857142857,2021-08-01,606519.3,-418.71428571420256,Declining
2021-08-16,549309.0,9897.0,645181.5714285715,9965.57142857143,2021-08-01,607718.6666666666,-381.1428571428405,Declining
2021-08-17,519447.0,8473.0,646967.4285714285,9901.0,2021-08-01,596956.1,1785.857142857043,Increasing
2021-08-18,580602.0,9083.0,649346.4285714285,9898.142857142857,2021-08-01,602121.5333333333,2379.0,Increasing
2021-08-19,679543.0,10740.0,656190.5714285715,9962.42857142857,2021-08-01,611094.2,6844.142857142957,Increasing
2021-08-20,670727.0,10773.0,658573.8571428572,10064.285714285714,2021-08-01,618363.0666666667,2383.285714285681,Increasing
2021-08-21,651424.0,9858.0,658189.2857142857,10051.285714285714,2021-08-01,624171.2333333333,-384.57142857147846,Declining
2021-08-22,946777.0,12576.0,656832.7142857143,10200.0,2021-08-01,638909.8,-1356.571428571362,Declining
2021-08-23,531991.0,9816.0,654358.7142857143,10188.42857142857,2021-08-01,639497.6333333333,-2474.0,Declining
2021-08-24,521238.0,8480.0,654614.5714285715,10189.42857142857,2021-08-01,624477.0,255.8571428571595,Increasing
2021-08-25,588167.0,9702.0,655695.2857142857,10277.857142857143,2021-08-01,628933.4,1080.7142857142026,Increasing
2021-08-26,660237.0,10678.0,652937.2857142857,10269.0,2021-08-01,636246.7,-2758.0,Declining
2021-08-27,660160.0,9970.0,651427.7142857143,10154.285714285714,2021-08-01,640482.4,-1509.571428571362,Declining
2021-08-28,664378.0,9984.0,653278.2857142857,10172.285714285714,2021-08-01,642965.8333333334,1850.571428571362,Increasing
2021-08-29,941282.0,12176.0,652493.2857142857,10115.142857142857,2021-08-01,654478.1,-785.0,Declining
2021-08-30,539085.0,8904.0,653506.7142857143,9984.857142857143,2021-08-01,653118.7666666667,1013.428571428638,Increasing
2021-08-31,488237.0,8785.0,648792.2857142857,10028.42857142857,2021-08-01,637746.3,-4714.428571428638,Declining
2021-09-01,551852.0,9158.0,643604.4285714285,9950.714285714286,2021-09-01,639495.4666666667,-5187.8571428571595,Declining
2021-09-02,634615.0,9719.0,639944.1428571428,9813.714285714286,2021-09-01,644477.8666666667,-3660.285714285681,Declining
2021-09-03,647118.0,9876.0,638081.0,9800.285714285714,2021-09-01,647018.2666666667,-1863.1428571428405,Declining
2021-09-04,622015.0,9616.0,632029.1428571428,9747.714285714286,2021-09-01,647339.7333333333,-6051.8571428571595,Declining
2021-09-05,875085.0,11775.0,622572.4285714285,9690.42857142857,2021-09-01,654219.4333333333,-9456.714285714319,Declining
2021-09-06,503375.0,9061.0,617471.0,9712.857142857143,2021-09-01,650160.2333333333,-5101.4285714285215,Declining
2021-09-07,476345.0,8078.0,615772.1428571428,9611.857142857143,2021-09-01,634064.9333333333,-1698.8571428571595,Declining
2021-09-08,512520.0,8329.0,610153.2857142857,9493.42857142857,2021-09-01,632749.7,-5618.8571428571595,Declining
2021-09-09,517295.0,8289.0,593393.2857142857,9289.142857142857,2021-09-01,633094.6666666666,-16760.0,Declining
2021-09-10,552698.0,8306.0,579904.7142857143,9064.857142857143,2021-09-01,632719.6333333333,-13488.571428571362,Declining
2021-09-11,583560.0,9256.0,574411.1428571428,9013.42857142857,2021-09-01,631117.1666666666,-5493.5714285714785,Declining
2021-09-12,783960.0,11247.0,561393.2857142857,8938.0,2021-09-01,635447.7,-13017.85714285716,Declining
2021-09-13,464454.0,8798.0,555833.1428571428,8900.42857142857,2021-09-01,629125.6333333333,-5560.1428571428405,Declining
2021-09-14,440196.0,7126.0,550669.0,8764.42857142857,2021-09-01,611923.0666666667,-5164.1428571428405,Declining
2021-09-15,476181.0,7449.0,545477.7142857143,8638.714285714286,2021-09-01,609485.4666666667,-5191.285714285681,Declining
2021-09-16,527234.0,9105.0,546897.5714285715,8755.285714285714,2021-09-01,609745.0333333333,1419.8571428571595,Increasing
2021-09-17,516306.0,9246.0,541698.7142857143,8889.57142857143,2021-09-01,607601.8333333334,-5198.8571428571595,Declining
2021-09-18,535056.0,8168.0,534769.5714285715,8734.142857142857,2021-09-01,602785.6,-6929.1428571428405,Declining
2021-09-19,725243.0,10933.0,526381.4285714285,8689.285714285714,2021-09-01,604602.8,-8388.142857142957,Declining
2021-09-20,558604.0,7691.0,539831.4285714285,8531.142857142857,2021-09-01,601508.8,13450.0,Increasing
2021-09-21,401460.0,6254.0,534297.7142857143,8406.57142857143,2021-09-01,583331.5666666667,-5533.714285714203,Declining
2021-09-22,431317.0,7220.0,527888.5714285715,8373.857142857143,2021-09-01,579975.7666666667,-6409.1428571428405,Declining
2021-09-23,470977.0,8463.0,519851.85714285716,8282.142857142857,2021-09-01,578300.4,-8036.714285714319,Declining
2021-09-24,495583.0,7752.0,516891.4285714286,8068.714285714285,2021-09-01,575214.2666666667,-2960.4285714285797,Declining
2021-09-25,477032.0,7643.0,508602.28571428574,7993.714285714285,2021-09-01,569107.4333333333,-8289.14285714284,Declining
2021-09-26,672585.0,10365.0,501079.71428571426,7912.571428571428,2021-09-01,569521.6,-7522.5714285714785,Declining
2021-09-27,379561.0,6365.0,475502.14285714284,7723.142857142857,2021-09-01,560027.7,-25577.57142857142,Declining
2021-09-28,344731.0,6251.0,467398.0,7722.714285714285,2021-09-01,540142.6666666666,-8104.1428571428405,Declining
2021-09-29,417351.0,7159.0,465402.85714285716,7714.0,2021-09-01,536084.8666666667,-1995.1428571428405,Declining
2021-09-30,441036.0,7895.0,461125.5714285714,7632.857142857143,2021-09-01,534511.5,-4277.285714285739,Declining
2021-10-01,440487.0,7590.0,453254.71428571426,7609.714285714285,2021-10-01,530799.3333333334,-7870.8571428571595,Declining
2021-10-02,439421.0,7028.0,447881.71428571426,7521.857142857143,2021-10-01,524292.8666666667,-5373.0,Declining
2021-10-03,647638.0,10068.0,444317.85714285716,7479.428571428572,2021-10-01,524310.2,-3563.8571428571013,Declining
2021-10-04,336459.0,5671.0,438160.4285714286,7380.285714285715,2021-10-01,514791.6666666667,-6157.42857142858,Declining
2021-10-05,323435.0,5017.0,435118.14285714284,7204.0,2021-10-01,496403.3333333333,-3042.2857142857392,Declining
2021-10-06,390102.0,5875.0,431225.4285714286,7020.571428571428,2021-10-01,492627.56666666665,-3892.7142857142608,Declining
2021-10-07,417151.0,7328.0,427813.28571428574,6939.571428571428,2021-10-01,490654.43333333335,-3412.1428571428405,Declining
2021-10-08,424222.0,7172.0,425489.71428571426,6879.857142857143,2021-10-01,487711.1666666667,-2323.5714285714785,Declining
2021-10-09,403638.0,6605.0,420377.85714285716,6819.428571428572,2021-10-01,483922.6,-5111.857142857101,Declining
2021-10-10,661876.0,10671.0,422411.85714285716,6905.571428571428,2021-10-01,487561.86666666664,2034.0,Increasing
2021-10-11,322297.0,5156.0,420388.71428571426,6832.0,2021-10-01,478853.1,-2023.1428571428987,Declining
2021-10-12,312040.0,5312.0,418760.85714285716,6874.142857142857,2021-10-01,463122.43333333335,-1627.8571428571013,Declining
2021-10-13,375459.0,5659.0,416669.0,6843.285714285715,2021-10-01,460155.93333333335,-2091.8571428571595,Declining
2021-10-14,392463.0,6587.0,413142.14285714284,6737.428571428572,2021-10-01,458564.8333333333,-3526.8571428571595,Declining
2021-10-15,391667.0,6516.0,408491.4285714286,6643.714285714285,2021-10-01,455747.7,-4650.714285714261,Declining
2021-10-16,399990.0,6219.0,407970.28571428574,6588.571428571428,2021-10-01,451506.23333333334,-521.1428571428405,Declining
2021-10-17,689547.0,10625.0,411923.28571428574,6582.0,2021-10-01,457280.93333333335,3953.0,Increasing
2021-10-18,314306.0,5236.0,410781.71428571426,6593.428571428572,2021-10-01,449922.6,-1141.5714285714785,Declining
2021-10-19,308782.0,4731.0,410316.28571428574,6510.428571428572,2021-10-01,436040.56666666665,-465.42857142852154,Declining
2021-10-20,383310.0,6695.0,411437.85714285716,6658.428571428572,2021-10-01,430197.43333333335,1121.5714285714203,Increasing
2021-10-21,401424.0,6553.0,412718.0,6653.571428571428,2021-10-01,430196.23333333334,1280.1428571428405,Increasing
2021-10-22,401508.0,6643.0,414123.85714285716,6671.714285714285,2021-10-01,429202.6,1405.8571428571595,Increasing
2021-10-23,394034.0,6363.0,413273.0,6692.285714285715,2021-10-01,426637.8333333333,-850.8571428571595,Declining
2021-10-24,802967.0,13116.0,429475.85714285716,7048.142857142857,2021-10-01,436883.9666666667,16202.85714285716,Increasing
2021-10-25,296224.0,5209.0,426892.71428571426,7044.285714285715,2021-10-01,430857.0333333333,-2583.1428571428987,Declining
2021-10-26,280007.0,4702.0,422782.0,7040.142857142857,2021-10-01,417771.1,-4110.714285714261,Declining
2021-10-27,393694.0,6069.0,424265.4285714286,6950.714285714285,2021-10-01,418242.2,1483.4285714285797,Increasing
2021-10-28,421518.0,7659.0,427136.0,7108.714285714285,2021-10-01,420801.76666666666,2870.5714285714203,Increasing
2021-10-29,408460.0,7031.0,428129.14285714284,7164.142857142857,2021-10-01,420505.4,993.1428571428405,Increasing
2021-10-30,430368.0,6510.0,433319.71428571426,7185.142857142857,2021-10-01,420149.8,5190.57142857142,Increasing
2021-10-31,897465.0,13703.0,446819.4285714286,7269.0,2021-10-01,435382.4,13499.714285714319,Increasing
2021-11-01,294860.0,4788.0,446624.5714285714,7208.857142857143,2021-11-01,430563.7,-194.8571428571595,Declining
2021-11-02,286316.0,4600.0,447525.85714285716,7194.285714285715,2021-11-01,418519.63333333336,901.2857142857392,Increasing
2021-11-03,412082.0,5970.0,450152.71428571426,7180.142857142857,2021-11-01,421040.4,2626.8571428571013,Increasing
2021-11-04,393698.0,6523.0,446178.4285714286,7017.857142857143,2021-11-01,423382.5,-3974.285714285681,Declining
2021-11-05,405776.0,6133.0,445795.0,6889.571428571428,2021-11-01,423904.9666666667,-383.42857142857974,Declining
2021-11-06,401984.0,6195.0,441740.14285714284,6844.571428571428,2021-11-01,423399.4,-4054.8571428571595,Declining
2021-11-07,985477.0,15004.0,454313.28571428574,7030.428571428572,2021-11-01,442107.9,12573.142857142899,Increasing
2021-11-08,305907.0,4889.0,455891.4285714286,7044.857142857143,2021-11-01,438850.2,1578.1428571428405,Increasing
2021-11-09,304787.0,4581.0,458530.14285714284,7042.142857142857,2021-11-01,426947.23333333334,2638.7142857142608,Increasing
2021-11-10,450458.0,6102.0,464012.4285714286,7061.0,2021-11-01,431219.26666666666,5482.285714285739,Increasing
2021-11-11,426555.0,6513.0,468706.28571428574,7059.571428571428,2021-11-01,435036.43333333335,4693.8571428571595,Increasing
2021-11-12,425300.0,6282.0,471495.4285714286,7080.857142857143,2021-11-01,436697.8,2789.1428571428405,Increasing
2021-11-13,387344.0,5971.0,469404.0,7048.857142857143,2021-11-01,436527.1666666667,-2091.4285714285797,Declining
2021-11-14,1177548.0,16186.0,496842.71428571426,7217.714285714285,2021-11-01,462723.2,27438.71428571426,Increasing
2021-11-15,351489.0,5429.0,503354.4285714286,7294.857142857143,2021-11-01,461106.5,6511.714285714319,Increasing
2021-11-16,314077.0,4544.0,504681.5714285714,7289.571428571428,2021-11-01,448590.8333333333,1327.1428571428405,Increasing
2021-11-17,485814.0,6258.0,509732.4285714286,7311.857142857143,2021-11-01,454307.76666666666,5050.8571428571595,Increasing
2021-11-18,449610.0,6715.0,513026.0,7340.714285714285,2021-11-01,459002.0333333333,3293.5714285714203,Increasing
2021-11-19,456073.0,6971.0,517422.14285714284,7439.142857142857,2021-11-01,461427.4666666667,4396.1428571428405,Increasing
2021-11-20,467898.0,8694.0,528929.8571428572,7828.142857142857,2021-11-01,463643.26666666666,11507.714285714319,Increasing
2021-11-21,1338351.0,16093.0,551901.7142857143,7814.857142857143,2021-11-01,494871.36666666664,22971.85714285716,Increasing
2021-11-22,342114.0,4939.0,550562.4285714285,7744.857142857143,2021-11-01,493140.7,-1339.2857142857974,Declining
2021-11-23,359595.0,4817.0,557065.0,7783.857142857143,2021-11-01,478361.63333333336,6502.5714285714785,Increasing
2021-11-24,537569.0,6330.0,564458.5714285715,7794.142857142857,2021-11-01,486406.4666666667,7393.5714285714785,Increasing
2021-11-25,473332.0,6842.0,567847.4285714285,7812.285714285715,2021-11-01,492850.63333333336,3388.857142857043,Increasing
2021-11-26,488805.0,6599.0,572523.4285714285,7759.142857142857,2021-11-01,496021.0,4676.0,Increasing
2021-11-27,422607.0,5346.0,566053.2857142857,7280.857142857143,2021-11-01,496057.3,-6470.1428571428405,Declining
2021-11-28,1423207.0,15308.0,578175.5714285715,7168.714285714285,2021-11-01,529882.2,12122.285714285797,Increasing
2021-11-29,350539.0,4818.0,579379.1428571428,7151.428571428572,2021-11-01,527221.2333333333,1203.571428571362,Increasing
2021-11-30,354267.0,4789.0,578618.0,7147.428571428572,2021-11-01,509114.63333333336,-761.1428571428405,Declining
2021-12-01,466013.0,6663.0,568395.7142857143,7195.0,2021-12-01,514819.73333333334,-10222.285714285681,Declining
2021-12-02,502495.0,6848.0,572561.8571428572,7195.857142857143,2021-12-01,522025.7,4166.1428571428405,Increasing
2021-12-03,514135.0,6962.0,576180.4285714285,7247.714285714285,2021-12-01,525427.4666666667,3618.571428571362,Increasing
2021-12-04,504641.0,6239.0,587899.5714285715,7375.285714285715,2021-12-01,529125.5666666667,11719.142857142957,Increasing
2021-12-05,1581190.0,17572.0,610468.5714285715,7698.714285714285,2021-12-01,568306.0333333333,22569.0,Increasing
2021-12-06,360845.0,4988.0,611940.8571428572,7723.0,2021-12-01,566934.7333333333,1472.285714285681,Increasing
2021-12-07,355866.0,4785.0,612169.2857142857,7722.428571428572,2021-12-01,545947.7,228.42857142852154,Increasing
2021-12-08,556399.0,6035.0,625081.5714285715,7632.714285714285,2021-12-01,554297.4333333333,12912.285714285797,Increasing
2021-12-09,507343.0,6759.0,625774.1428571428,7620.0,2021-12-01,561049.3,692.571428571362,Increasing
2021-12-10,501855.0,6581.0,624019.8571428572,7565.571428571428,2021-12-01,562762.5333333333,-1754.285714285681,Declining
2021-12-11,494614.0,5825.0,622587.4285714285,7506.428571428572,2021-12-01,565031.1666666666,-1432.428571428638,Declining
2021-12-12,1537006.0,14811.0,616275.4285714285,7112.0,2021-12-01,602088.0333333333,-6312.0,Declining
2021-12-13,376286.0,4609.0,618481.2857142857,7057.857142857143,2021-12-01,601719.4333333333,2205.8571428571595,Increasing
2021-12-14,373009.0,4740.0,620930.2857142857,7051.428571428572,2021-12-01,574901.4666666667,2449.0,Increasing
2021-12-15,583810.0,5965.0,624846.1428571428,7041.428571428572,2021-12-01,582645.5,3915.8571428571595,Increasing
2021-12-16,562588.0,6572.0,632738.2857142857,7014.714285714285,2021-12-01,590929.2,7892.1428571428405,Increasing
2021-12-17,575820.0,6769.0,643304.7142857143,7041.571428571428,2021-12-01,593929.4,10566.428571428638,Increasing
2021-12-18,572056.0,5435.0,654367.8571428572,6985.857142857143,2021-12-01,598010.9333333333,11063.14285714284,Increasing
2021-12-19,1659077.0,13262.0,671806.5714285715,6764.571428571428,2021-12-01,638111.0666666667,17438.71428571432,Increasing
2021-12-20,422346.0,4269.0,678386.5714285715,6716.0,2021-12-01,636592.6666666666,6580.0,Increasing
2021-12-21,455752.0,4794.0,690207.0,6723.714285714285,2021-12-01,607172.7,11820.428571428522,Increasing
2021-12-22,721597.0,6189.0,709890.8571428572,6755.714285714285,2021-12-01,619822.1333333333,19683.85714285716,Increasing
2021-12-23,704175.0,6812.0,730117.5714285715,6790.0,2021-12-01,631308.1333333333,20226.71428571432,Increasing
2021-12-24,757623.0,6358.0,756089.4285714285,6731.285714285715,2021-12-01,638643.2666666667,25971.857142857043,Increasing
2021-12-25,775569.0,7203.0,785162.7142857143,6983.857142857143,2021-12-01,648717.8333333334,29073.285714285797,Increasing
2021-12-26,2251495.0,10950.0,869793.8571428572,6653.571428571428,2021-12-01,707474.1666666666,84631.14285714284,Increasing
2021-12-27,475565.0,3850.0,877396.5714285715,6593.714285714285,2021-12-01,709239.4333333333,7602.714285714319,Increasing
2021-12-28,683453.0,4190.0,909925.2857142857,6507.428571428572,2021-12-01,684580.9666666667,32528.714285714203,Increasing
2021-12-29,1165008.0,6282.0,973269.7142857143,6520.714285714285,2021-12-01,711729.9333333333,63344.42857142864,Increasing
2021-12-30,1155817.0,6931.0,1037790.0,6537.714285714285,2021-12-01,738448.2666666667,64520.28571428568,Increasing
2021-12-31,1348260.0,5961.0,1122166.7142857143,6481.0,2021-12-01,767856.5,84376.71428571432,Increasing
2022-01-01,1428461.0,5345.0,1215437.0,6215.571428571428,2022-01-01,798722.0333333333,93270.28571428568,Increasing
2022-01-02,4204296.0,10121.0,1494408.5714285714,6097.142857142857,2022-01-01,921727.4,278971.57142857136,Increasing
2022-01-03,909747.0,3739.0,1556434.5714285714,6081.285714285715,2022-01-01,935230.9333333333,62026.0,Increasing
2022-01-04,1183782.0,4001.0,1627910.142857143,6054.285714285715,2022-01-01,921984.0,71475.5714285716,Increasing
2022-01-05,2007023.0,6266.0,1748198.0,6052.0,2022-01-01,976856.6,120287.85714285704,Increasing
2022-01-06,2044717.0,7205.0,1875183.7142857143,6091.142857142857,2022-01-01,1033151.6333333333,126985.71428571432,Increasing
2022-01-07,2017800.0,6166.0,1970832.2857142857,6120.428571428572,2022-01-01,1081865.0,95648.57142857136,Increasing
2022-01-08,1989842.0,6284.0,2051029.5714285714,6254.571428571428,2022-01-01,1131281.6333333333,80197.28571428568,Increasing
2022-01-09,6439660.0,11966.0,2370367.285714286,6518.142857142857,2022-01-01,1329208.4666666666,319337.71428571455,Increasing
2022-01-10,1639500.0,4511.0,2474617.714285714,6628.428571428572,2022-01-01,1367371.3333333333,104250.42857142817,Increasing
2022-01-11,1648855.0,5220.0,2541056.714285714,6802.571428571428,2022-01-01,1371099.6333333333,66439.0,Increasing
2022-01-12,2788105.0,6831.0,2652639.8571428573,6883.285714285715,2022-01-01,1451493.6,111583.14285714319,Increasing
2022-01-13,2394446.0,8473.0,2702601.1428571427,7064.428571428572,2022-01-01,1518874.8333333333,49961.28571428545,Increasing
2022-01-14,2496725.0,7120.0,2771019.0,7200.714285714285,2022-01-01,1582638.6666666667,68417.85714285728,Increasing
2022-01-15,2494893.0,6801.0,2843169.1428571427,7274.571428571428,2022-01-01,1647048.8333333333,72150.14285714272,Increasing
2022-01-16,7196825.0,13367.0,2951335.5714285714,7474.714285714285,2022-01-01,1867749.0,108166.42857142864,Increasing
2022-01-17,1923050.0,6256.0,2991842.714285714,7724.0,2022-01-01,1912782.1333333333,40507.142857142724,Increasing
2022-01-18,1817526.0,5525.0,3015938.5714285714,7767.571428571428,2022-01-01,1918063.7666666666,24095.857142857276,Increasing
2022-01-19,2860880.0,6656.0,3026335.0,7742.571428571428,2022-01-01,1999348.2333333334,10396.428571428638,Increasing
2022-01-20,2861687.0,8130.0,3093083.714285714,7693.571428571428,2022-01-01,2079546.0666666667,66748.71428571409,Increasing
2022-01-21,2917078.0,9066.0,3153134.1428571427,7971.571428571428,2022-01-01,2152728.7666666666,60050.42857142864,Increasing
2022-01-22,2814094.0,8240.0,3198734.285714286,8177.142857142857,2022-01-01,2223059.4,45600.14285714319,Increasing
2022-01-23,8346273.0,15836.0,3362941.1428571427,8529.857142857143,2022-01-01,2476014.4,164206.8571428568,Increasing
2022-01-24,2086977.0,6142.0,3386359.285714286,8513.57142857143,2022-01-01,2519728.0,23418.14285714319,Increasing
2022-01-25,2060088.0,6650.0,3421011.0,8674.285714285714,2022-01-01,2513347.7666666666,34651.714285714086,Increasing
2022-01-26,3012584.0,8689.0,3442683.0,8964.714285714286,2022-01-01,2597915.066666667,21672.0,Increasing
2022-01-27,2614114.0,9616.0,3407315.4285714286,9177.0,2022-01-01,2662270.433333333,-35367.57142857136,Declining
2022-01-28,2657873.0,9831.0,3370286.1428571427,9286.285714285714,2022-01-01,2712032.6,-37029.285714285914,Declining
2022-01-29,2590473.0,9335.0,3338340.285714286,9442.714285714286,2022-01-01,2759854.466666667,-31945.85714285681,Declining
2022-01-30,8401906.0,17567.0,3346287.8571428573,9690.0,2022-01-01,2994976.0,7947.571428571362,Increasing
2022-01-31,1927297.0,7877.0,3323476.4285714286,9937.857142857143,2022-01-01,3011603.8666666667,-22811.428571428638,Declining
2022-02-01,1746807.0,7036.0,3278722.0,9993.0,2022-02-01,2929687.566666667,-44754.42857142864,Declining
2022-02-02,2454119.0,10187.0,3198941.285714286,10207.0,2022-02-01,2981166.6333333333,-79780.71428571409,Declining
2022-02-03,2292826.0,11660.0,3153043.0,10499.0,2022-02-01,3018134.7666666666,-45898.285714285914,Declining
2022-02-04,2183421.0,10616.0,3085264.1428571427,10611.142857142857,2022-02-01,3024014.7,-67778.85714285728,Declining
2022-02-05,2245319.0,10049.0,3035956.4285714286,10713.142857142857,2022-02-01,3030701.433333333,-49307.714285714086,Declining
2022-02-06,7078197.0,18447.0,2846855.1428571427,10838.857142857143,2022-02-01,3199381.3333333335,-189101.2857142859,Declining
2022-02-07,1596537.0,8203.0,2799603.714285714,10885.42857142857,2022-02-01,3186271.1666666665,-47251.42857142864,Declining
2022-02-08,1488310.0,7564.0,2762675.5714285714,10960.857142857143,2022-02-01,3021226.1666666665,-36928.142857142724,Declining
2022-02-09,1954443.0,10474.0,2691293.285714286,11001.857142857143,2022-02-01,3031724.2666666666,-71382.28571428545,Declining
2022-02-10,1918777.0,11708.0,2637857.714285714,11008.714285714286,2022-02-01,3040721.6666666665,-53435.57142857183,Declining
2022-02-11,1813681.0,10507.0,2585037.714285714,10993.142857142857,2022-02-01,3008240.8666666667,-52820.0,Declining
2022-02-12,1672893.0,9575.0,2503262.5714285714,10925.42857142857,2022-02-01,2984189.1,-81775.14285714272,Declining
2022-02-13,5467047.0,18421.0,2273098.285714286,10921.714285714286,2022-02-01,3083199.8333333335,-230164.28571428545,Declining
2022-02-14,1281711.0,7026.0,2228123.1428571427,10753.57142857143,2022-02-01,3042760.433333333,-44975.14285714319,Declining
2022-02-15,1253681.0,6676.0,2194604.714285714,10626.714285714286,2022-02-01,2844655.6333333333,-33518.42857142864,Declining
2022-02-16,1552728.0,9417.0,2137216.8571428573,10475.714285714286,2022-02-01,2832311.566666667,-57387.85714285681,Declining
2022-02-17,1547415.0,10164.0,2084165.142857143,10255.142857142857,2022-02-01,2823307.8666666667,-53051.71428571432,Declining
2022-02-18,1516491.0,10152.0,2041709.4285714286,10204.42857142857,2022-02-01,2778494.9,-42455.71428571432,Declining
2022-02-19,1432288.0,9069.0,2007337.2857142857,10132.142857142857,2022-02-01,2730848.2666666666,-34372.14285714296,Declining
2022-02-20,4287329.0,17109.0,1838806.142857143,9944.714285714286,2022-02-01,2776523.3,-168531.14285714272,Declining
2022-02-21,1095683.0,6295.0,1812230.7142857143,9840.285714285714,2022-02-01,2719242.933333333,-26575.428571428638,Declining
2022-02-22,1174004.0,6288.0,1800848.2857142857,9784.857142857143,2022-02-01,2480167.3,-11382.428571428638,Declining
2022-02-23,1332958.0,6981.0,1769452.5714285714,9436.857142857143,2022-02-01,2455033.3333333335,-31395.71428571432,Declining
2022-02-24,1376715.0,9579.0,1745066.857142857,9353.285714285714,2022-02-01,2432254.2333333334,-24385.71428571432,Declining
2022-02-25,1343055.0,8688.0,1720290.2857142857,9144.142857142857,2022-02-01,2376603.2666666666,-24776.571428571362,Declining
2022-02-26,1253461.0,8462.0,1694743.5714285714,9057.42857142857,2022-02-01,2331248.1666666665,-25546.71428571432,Declining
2022-02-27,3473876.0,13186.0,1578536.0,8497.0,2022-02-01,2358448.2666666666,-116207.57142857136,Declining
2022-02-28,1097208.0,6715.0,1578753.857142857,8557.0,2022-02-01,2308672.7666666666,217.85714285704307,Increasing
2022-03-01,1072761.0,5428.0,1564290.5714285714,8434.142857142857,2022-03-01,2064367.9333333333,-14463.285714285681,Declining
2022-03-02,1246188.0,7325.0,1551894.857142857,8483.285714285714,2022-03-01,2041664.3,-12395.714285714319,Declining
2022-03-03,1321479.0,6756.0,1544004.0,8080.0,2022-03-01,2027486.7,-7890.857142857043,Declining
2022-03-04,1246552.0,7857.0,1530217.857142857,7961.285714285715,2022-03-01,1987234.4666666666,-13786.142857142957,Declining
2022-03-05,1234687.0,6317.0,1527535.857142857,7654.857142857143,2022-03-01,1951963.1666666667,-2682.0,Declining
2022-03-06,3681296.0,11520.0,1557167.2857142857,7416.857142857143,2022-03-01,2001892.3333333333,29631.428571428638,Increasing
2022-03-07,963726.0,4785.0,1538098.4285714286,7141.142857142857,2022-03-01,1959172.5666666667,-19068.857142857043,Declining
2022-03-08,1190476.0,4669.0,1554914.857142857,7032.714285714285,2022-03-01,1762915.2,16816.428571428405,Increasing
2022-03-09,1356669.0,5850.0,1570697.857142857,6822.0,2022-03-01,1754919.6,15783.0,Increasing
2022-03-10,1282157.0,6144.0,1565080.4285714286,6734.571428571428,2022-03-01,1748047.8333333333,-5617.428571428405,Declining
2022-03-11,1327288.0,6589.0,1576614.142857143,6553.428571428572,2022-03-01,1727142.6666666667,11533.714285714319,Increasing
2022-03-12,1539409.0,5652.0,1620145.857142857,6458.428571428572,2022-03-01,1714497.0666666667,43531.714285714086,Increasing
2022-03-13,4145714.0,10088.0,1686491.2857142857,6253.857142857143,2022-03-01,1792231.5,66345.42857142864,Increasing
2022-03-14,1156638.0,4222.0,1714050.142857143,6173.428571428572,2022-03-01,1775023.0,27558.857142857276,Increasing
2022-03-15,1149739.0,3639.0,1708230.5714285714,6026.285714285715,2022-03-01,1631112.7333333334,-5819.571428571595,Declining
2022-03-16,1616552.0,3902.0,1745356.7142857143,5748.0,2022-03-01,1642274.1,37126.14285714296,Increasing
2022-03-17,1481246.0,5335.0,1773798.0,5632.428571428572,2022-03-01,1649859.6,28441.28571428568,Increasing
2022-03-18,1288007.0,5268.0,1768186.4285714286,5443.714285714285,2022-03-01,1641035.5666666667,-5611.571428571362,Declining
2022-03-19,1432555.0,4910.0,1752921.5714285714,5337.714285714285,2022-03-01,1637206.9,-15264.857142857276,Declining
2022-03-20,4253673.0,8978.0,1768344.2857142857,5179.142857142857,2022-03-01,1728446.3,15422.714285714319,Increasing
2022-03-21,982331.0,3661.0,1743443.2857142857,5099.0,2022-03-01,1713447.7333333334,-24901.0,Declining
2022-03-22,1220969.0,14365.0,1753619.0,6631.285714285715,2022-03-01,1611235.7333333334,10175.714285714319,Increasing
2022-03-23,1181867.0,4151.0,1691521.142857143,6666.857142857143,2022-03-01,1614108.5333333334,-62097.85714285704,Declining
2022-03-24,1113866.0,4344.0,1639038.2857142857,6525.285714285715,2022-03-01,1612103.9333333333,-52482.857142857276,Declining
2022-03-25,1134695.0,4363.0,1617136.5714285714,6396.0,2022-03-01,1605495.1666666667,-21901.71428571432,Declining
2022-03-26,1062156.0,7874.0,1564222.4285714286,6819.428571428572,2022-03-01,1595009.8666666667,-52914.142857142724,Declining
2022-03-27,4302355.0,7718.0,1571177.0,6639.428571428572,2022-03-01,1693653.2,6954.571428571362,Increasing
2022-03-28,1015044.0,2787.0,1575850.2857142857,6514.571428571428,2022-03-01,1685705.9666666666,4673.285714285681,Increasing
2022-03-29,992187.0,2800.0,1543167.142857143,4862.428571428572,2022-03-01,1602983.0,-32683.142857142724,Declining
2022-03-30,970263.0,3657.0,1512938.0,4791.857142857143,2022-03-01,1598751.5,-30229.142857142957,Declining
2022-03-31,918890.0,3645.0,1485084.2857142857,4692.0,2022-03-01,1593622.4666666666,-27853.71428571432,Declining
2022-04-01,889121.0,3936.0,1450002.2857142857,4631.0,2022-04-01,1581720.2333333334,-35082.0,Declining
2022-04-02,783638.0,3290.0,1410214.0,3976.1428571428573,2022-04-01,1563792.2,-39788.28571428568,Declining
2022-04-03,3799974.0,6744.0,1338445.2857142857,3837.0,2022-04-01,1648906.2666666666,-71768.71428571432,Declining
2022-04-04,638052.0,2294.0,1284589.2857142857,3766.5714285714284,2022-04-01,1629018.4333333333,-53856.0,Declining
2022-04-05,677824.0,2376.0,1239680.2857142857,3706.0,2022-04-01,1528902.7,-44909.0,Declining
2022-04-06,726781.0,2653.0,1204897.142857143,3562.5714285714284,2022-04-01,1521004.5333333334,-34783.142857142724,Declining
2022-04-07,750321.0,2970.0,1180815.857142857,3466.1428571428573,2022-04-01,1506332.7,-24081.285714285914,Declining
2022-04-08,685155.0,3285.0,1151677.857142857,3373.1428571428573,2022-04-01,1483948.9,-29138.0,Declining
2022-04-09,595721.0,2939.0,1124832.5714285714,3323.0,2022-04-01,1461067.7,-26845.28571428568,Declining
2022-04-10,3126323.0,6357.0,1028596.7142857143,3267.714285714286,2022-04-01,1521035.5333333334,-96235.85714285704,Declining
2022-04-11,558850.0,2111.0,1017282.1428571428,3241.5714285714284,2022-04-01,1488350.2333333334,-11314.571428571478,Declining
2022-04-12,500155.0,1785.0,991900.8571428572,3157.1428571428573,2022-04-01,1366831.6,-25381.28571428568,Declining
2022-04-13,571888.0,2362.0,969773.2857142857,3115.5714285714284,2022-04-01,1347339.9333333333,-22127.57142857148,Declining
2022-04-14,463077.0,2700.0,928738.4285714285,3077.0,2022-04-01,1324451.2,-41034.85714285716,Declining
2022-04-15,603429.0,2520.0,917063.2857142857,2967.714285714286,2022-04-01,1290680.4333333333,-11675.14285714284,Declining
2022-04-16,468410.0,2508.0,898876.0,2906.1428571428573,2022-04-01,1256919.2333333334,-18187.28571428568,Declining
2022-04-17,2531959.0,5218.0,813966.8571428572,2743.4285714285716,2022-04-01,1298384.3,-84909.14285714284,Declining
2022-04-18,405380.0,1739.0,792042.5714285715,2690.285714285714,2022-04-01,1264145.1333333333,-21924.28571428568,Declining
2022-04-19,331436.0,1441.0,767939.8571428572,2641.1428571428573,2022-04-01,1133403.9,-24102.71428571432,Declining
2022-04-20,390164.0,1949.0,741979.2857142857,2582.1428571428573,2022-04-01,1113665.0,-25960.57142857148,Declining
2022-04-21,502357.0,2236.0,747590.7142857143,2515.8571428571427,2022-04-01,1089711.2666666666,5611.428571428638,Increasing
2022-04-22,477577.0,2400.0,729611.8571428572,2498.714285714286,2022-04-01,1066234.9333333333,-17978.85714285716,Declining
2022-04-23,403751.0,2266.0,720374.8571428572,2464.1428571428573,2022-04-01,1042564.4333333333,-9237.0,Declining
2022-04-24,2192552.0,4801.0,671888.1428571428,2404.5714285714284,2022-04-01,1077826.3333333333,-48486.71428571432,Declining
2022-04-25,317833.0,1487.0,659381.4285714285,2368.5714285714284,2022-04-01,1053015.5666666667,-12506.714285714319,Declining
2022-04-26,332258.0,2722.0,659498.8571428572,2551.5714285714284,2022-04-01,920679.0,117.42857142863795,Increasing
2022-04-27,352723.0,1583.0,654150.1428571428,2499.285714285714,2022-04-01,898601.6333333333,-5348.714285714319,Declining
2022-04-28,428274.0,2061.0,643566.8571428572,2474.285714285714,2022-04-01,879804.5333333333,-10583.285714285681,Declining
2022-04-29,387235.0,2182.0,630660.8571428572,2443.1428571428573,2022-04-01,860370.2666666667,-12906.0,Declining
2022-04-30,335918.0,1635.0,620970.4285714285,2353.0,2022-04-01,840937.8666666667,-9690.428571428638,Declining
2022-05-01,1844629.0,4594.0,571267.1428571428,2323.4285714285716,2022-05-01,872788.1333333333,-49703.28571428568,Declining
2022-05-02,263517.0,1403.0,563507.7142857143,2311.4285714285716,2022-05-01,855450.7666666667,-7759.4285714285215,Declining
2022-05-03,245409.0,1101.0,551100.7142857143,2079.8571428571427,2022-05-01,736965.2666666667,-12407.0,Declining
2022-05-04,326698.0,1266.0,547382.8571428572,2034.5714285714287,2022-05-01,726586.8,-3717.8571428571595,Declining
2022-05-05,346233.0,1880.0,535662.7142857143,2008.7142857142858,2022-05-01,715533.7666666667,-11720.14285714284,Declining
2022-05-06,366715.0,1930.0,532731.2857142857,1972.7142857142858,2022-05-01,703531.5666666667,-2931.428571428638,Declining
2022-05-07,375760.0,1471.0,538423.0,1949.2857142857142,2022-05-01,691046.2,5691.714285714319,Increasing
2022-05-08,1694765.0,3855.0,517013.85714285716,1843.7142857142858,2022-05-01,724699.8666666667,-21409.14285714284,Declining
2022-05-09,282341.0,1092.0,519703.0,1799.2857142857142,2022-05-01,714253.8666666667,2689.1428571428405,Increasing
2022-05-10,282568.0,821.0,525011.4285714285,1759.2857142857142,2022-05-01,619462.0333333333,5308.4285714285215,Increasing
2022-05-11,414791.0,1225.0,537596.1428571428,1753.4285714285713,2022-05-01,614660.0666666667,12584.714285714319,Increasing
2022-05-12,423444.0,1648.0,548626.2857142857,1720.2857142857142,2022-05-01,612103.0333333333,11030.14285714284,Increasing
2022-05-13,434275.0,1582.0,558277.7142857143,1670.5714285714287,2022-05-01,607515.9333333333,9651.428571428638,Increasing
2022-05-14,386125.0,1338.0,559758.4285714285,1651.5714285714287,2022-05-01,604950.8666666667,1480.7142857142026,Increasing
2022-05-15,1740705.0,3495.0,566321.2857142857,1600.142857142857,2022-05-01,642860.0666666667,6562.8571428571595,Increasing
2022-05-16,278085.0,1034.0,565713.2857142857,1591.857142857143,2022-05-01,636515.9,-608.0,Declining
2022-05-17,270175.0,830.0,563942.8571428572,1593.142857142857,2022-05-01,561123.1,-1770.4285714285215,Declining
2022-05-18,431298.0,1267.0,566301.0,1599.142857142857,2022-05-01,561987.0333333333,2358.1428571428405,Increasing
2022-05-19,452394.0,1516.0,570436.7142857143,1580.2857142857142,2022-05-01,566018.9666666667,4135.714285714319,Increasing
2022-05-20,435511.0,1430.0,570613.2857142857,1558.5714285714287,2022-05-01,567530.5333333333,176.57142857136205,Increasing
2022-05-21,380722.0,1130.0,569841.4285714285,1528.857142857143,2022-05-01,563476.0333333333,-771.8571428571595,Declining
2022-05-22,1533903.0,3173.0,540298.2857142857,1482.857142857143,2022-05-01,598686.9,-29543.14285714284,Declining
2022-05-23,252692.0,859.0,536670.7142857143,1457.857142857143,2022-05-01,593651.6,-3627.571428571362,Declining
2022-05-24,276933.0,818.0,537636.1428571428,1456.142857142857,2022-05-01,529797.6333333333,965.4285714285215,Increasing
2022-05-25,380959.0,1272.0,530444.8571428572,1456.857142857143,2022-05-01,531901.8333333334,-7191.285714285681,Declining
2022-05-26,417368.0,1582.0,525441.1428571428,1466.2857142857142,2022-05-01,534738.8333333334,-5003.714285714319,Declining
2022-05-27,404259.0,1616.0,520976.5714285714,1492.857142857143,2022-05-01,536456.7,-4464.57142857142,Declining
2022-05-28,374224.0,1317.0,520048.28571428574,1519.5714285714287,2022-05-01,534655.0333333333,-928.285714285681,Declining
2022-05-29,1280454.0,2873.0,483841.28571428574,1476.7142857142858,2022-05-01,564429.0,-36207.0,Declining
2022-05-30,241593.0,905.0,482255.71428571426,1483.2857142857142,2022-05-01,561284.8333333334,-1585.5714285714785,Declining
2022-05-31,232025.0,683.0,475840.28571428574,1464.0,2022-05-01,507531.36666666664,-6415.4285714285215,Declining
2022-06-01,309045.0,1091.0,465566.85714285716,1438.142857142857,2022-06-01,509048.9666666667,-10273.42857142858,Declining
2022-06-02,430191.0,1309.0,467398.71428571426,1399.142857142857,2022-06-01,515208.36666666664,1831.8571428571013,Increasing
2022-06-03,392226.0,1387.0,465679.71428571426,1366.4285714285713,2022-06-01,517392.63333333336,-1719.0,Declining
2022-06-04,332477.0,1156.0,459715.85714285716,1343.4285714285713,2022-06-01,516934.1,-5963.857142857101,Declining
2022-06-05,1321444.0,2741.0,465571.5714285714,1324.5714285714287,2022-06-01,548758.4,5855.714285714261,Increasing
2022-06-06,216397.0,712.0,461972.14285714284,1297.0,2022-06-01,543446.3,-3599.4285714285797,Declining
2022-06-07,243781.0,775.0,463651.5714285714,1310.142857142857,2022-06-01,495080.1666666667,1679.4285714285797,Increasing
2022-06-08,382514.0,1108.0,474147.14285714284,1312.5714285714287,2022-06-01,498419.26666666666,10495.57142857142,Increasing
2022-06-09,448040.0,1455.0,476697.0,1333.4285714285713,2022-06-01,503935.0,2549.8571428571595,Increasing
2022-06-10,416775.0,1680.0,480204.0,1375.2857142857142,2022-06-01,504001.13333333336,3507.0,Increasing
2022-06-11,404903.0,1059.0,490550.5714285714,1361.4285714285713,2022-06-01,503383.1,10346.57142857142,Increasing
2022-06-12,1410697.0,2592.0,503301.0,1340.142857142857,2022-06-01,535930.5,12750.42857142858,Increasing
2022-06-13,229760.0,790.0,505210.0,1351.2857142857142,2022-06-01,530718.3333333334,1909.0,Increasing
2022-06-14,242192.0,683.0,504983.0,1338.142857142857,2022-06-01,480767.9,-227.0,Declining
2022-06-15,390539.0,1045.0,506129.4285714286,1329.142857142857,2022-06-01,484516.36666666664,1146.4285714285797,Increasing
2022-06-16,422085.0,1168.0,502421.5714285714,1288.142857142857,2022-06-01,489580.0333333333,-3707.8571428571595,Declining
2022-06-17,457440.0,1558.0,508230.85714285716,1270.7142857142858,2022-06-01,490451.43333333335,5809.285714285739,Increasing
2022-06-18,409738.0,1140.0,508921.5714285714,1282.2857142857142,2022-06-01,489029.56666666665,690.7142857142608,Increasing
2022-06-19,1618713.0,2782.0,538638.1428571428,1309.4285714285713,2022-06-01,528469.6333333333,29716.57142857142,Increasing
2022-06-20,256293.0,809.0,542428.5714285715,1312.142857142857,2022-06-01,524322.0,3790.428571428638,Increasing
2022-06-21,257300.0,825.0,544586.8571428572,1332.4285714285713,2022-06-01,481768.56666666665,2158.285714285681,Increasing
2022-06-22,410469.0,913.0,547434.0,1313.5714285714287,2022-06-01,487027.8,2847.1428571428405,Increasing
2022-06-23,527273.0,1457.0,562460.8571428572,1354.857142857143,2022-06-01,495372.4666666667,15026.85714285716,Increasing
2022-06-24,511335.0,1448.0,570160.1428571428,1339.142857142857,2022-06-01,499718.3333333333,7699.285714285681,Increasing
2022-06-25,505790.0,1722.0,583881.8571428572,1422.2857142857142,2022-06-01,502665.73333333334,13721.714285714319,Increasing
2022-06-26,2123462.0,3228.0,655988.8571428572,1486.0,2022-06-01,559972.5,72107.0,Increasing
2022-06-27,326018.0,1060.0,665949.5714285715,1521.857142857143,2022-06-01,558365.6333333333,9960.714285714319,Increasing
2022-06-28,311382.0,728.0,673675.5714285715,1508.0,2022-06-01,526063.2333333333,7726.0,Increasing
2022-06-29,485660.0,1113.0,684417.1428571428,1536.5714285714287,2022-06-01,534198.8,10741.571428571362,Increasing
2022-06-30,621371.0,1604.0,697859.7142857143,1557.5714285714287,2022-06-01,547177.0,13442.571428571478,Increasing
2022-07-01,590259.0,1495.0,709134.5714285715,1564.2857142857142,2022-07-01,556550.8,11274.85714285716,Increasing
2022-07-02,609178.0,1695.0,723904.2857142857,1560.4285714285713,2022-07-01,562517.0333333333,14769.714285714203,Increasing
2022-07-03,2337563.0,3651.0,754490.1428571428,1620.857142857143,2022-07-01,627361.6,30585.85714285716,Increasing
2022-07-04,635566.0,1114.0,798711.2857142857,1628.5714285714287,2022-07-01,637464.5666666667,44221.14285714284,Increasing
2022-07-05,335760.0,822.0,802193.8571428572,1642.0,2022-07-01,604608.4333333333,3482.5714285714785,Increasing
2022-07-06,569969.0,1057.0,814238.0,1634.0,2022-07-01,616394.1666666666,12044.14285714284,Increasing
2022-07-07,679896.0,1661.0,822598.7142857143,1642.142857142857,2022-07-01,630931.3333333334,8360.714285714319,Increasing
2022-07-08,683830.0,1845.0,835966.0,1692.142857142857,2022-07-01,640975.2,13367.285714285681,Increasing
2022-07-09,693921.0,1891.0,848072.1428571428,1720.142857142857,2022-07-01,649171.2333333333,12106.14285714284,Increasing
2022-07-10,2742615.0,4086.0,905936.7142857143,1782.2857142857142,2022-07-01,726699.2333333333,57864.57142857148,Increasing
2022-07-11,742489.0,1278.0,921211.4285714285,1805.7142857142858,2022-07-01,737952.1,15274.714285714203,Increasing
2022-07-12,421890.0,944.0,933515.7142857143,1823.142857142857,2022-07-01,704991.8666666667,12304.285714285797,Increasing
2022-07-13,725224.0,1477.0,955695.0,1883.142857142857,2022-07-01,721507.3333333334,22179.28571428568,Increasing
2022-07-14,778210.0,1885.0,969739.8571428572,1915.142857142857,2022-07-01,739374.6,14044.85714285716,Increasing
2022-07-15,772831.0,2076.0,982454.2857142857,1948.142857142857,2022-07-01,752117.6666666666,12714.428571428522,Increasing
2022-07-16,794863.0,2085.0,996874.5714285715,1975.857142857143,2022-07-01,764543.6,14420.285714285797,Increasing
2022-07-17,2742636.0,4910.0,996877.5714285715,2093.5714285714284,2022-07-01,840716.8,3.0,Increasing
2022-07-18,835784.0,1466.0,1010205.4285714285,2120.4285714285716,2022-07-01,854918.3333333334,13327.857142857043,Increasing
2022-07-19,463175.0,1186.0,1016103.2857142857,2155.0,2022-07-01,816400.4,5897.8571428571595,Increasing
2022-07-20,732600.0,1656.0,1017157.0,2180.5714285714284,2022-07-01,832277.3,1053.714285714319,Increasing
2022-07-21,811025.0,2214.0,1021844.8571428572,2227.5714285714284,2022-07-01,850734.8,4687.8571428571595,Increasing
2022-07-22,831758.0,2239.0,1030263.0,2250.8571428571427,2022-07-01,864777.7666666667,8418.14285714284,Increasing
2022-07-23,864318.0,2434.0,1040185.1428571428,2300.714285714286,2022-07-01,876012.6,9922.14285714284,Increasing
2022-07-24,2634611.0,5368.0,1024753.0,2366.1428571428573,2022-07-01,946788.4666666667,-15432.14285714284,Declining
2022-07-25,914147.0,1856.0,1035947.7142857143,2421.8571428571427,2022-07-01,960400.3666666667,11194.714285714319,Increasing
2022-07-26,555914.0,1347.0,1049196.142857143,2444.8571428571427,2022-07-01,908148.7666666667,13248.428571428638,Increasing
2022-07-27,796960.0,1839.0,1058390.4285714286,2471.0,2022-07-01,923846.8333333334,9194.285714285681,Increasing
2022-07-28,831343.0,2212.0,1061293.0,2470.714285714286,2022-07-01,941178.8666666667,2902.571428571362,Increasing
2022-07-29,849646.0,2237.0,1063848.4285714286,2470.4285714285716,2022-07-01,953311.7333333333,2555.428571428638,Increasing
2022-07-30,856321.0,2661.0,1062706.0,2502.8571428571427,2022-07-01,961143.4,-1142.428571428638,Declining
2022-07-31,2400018.0,5573.0,1029192.7142857143,2532.1428571428573,2022-07-01,1021468.7,-33513.28571428568,Declining
2022-08-01,794962.0,1489.0,1012166.2857142857,2479.714285714286,2022-08-01,1027661.5,-17026.428571428638,Declining
2022-08-02,539224.0,1334.0,1009782.0,2477.8571428571427,2022-08-01,967716.8666666667,-2384.285714285681,Declining
2022-08-03,782930.0,2025.0,1007777.7142857143,2504.4285714285716,2022-08-01,972629.0,-2004.285714285681,Declining
2022-08-04,822649.0,2335.0,1006535.7142857143,2522.0,2022-08-01,988858.6333333333,-1242.0,Declining
2022-08-05,1225361.0,2230.0,1060209.2857142857,2521.0,2022-08-01,1010705.0333333333,53673.57142857136,Increasing
2022-08-06,823825.0,2679.0,1055567.0,2523.5714285714284,2022-08-01,1015502.6666666666,-4642.285714285681,Declining
2022-08-07,1956184.0,5058.0,992162.1428571428,2450.0,2022-08-01,1057914.4666666666,-63404.85714285716,Declining
2022-08-08,707937.0,1596.0,979730.0,2465.285714285714,2022-08-01,1058381.6666666667,-12432.14285714284,Declining
2022-08-09,535873.0,1422.0,979251.2857142857,2477.8571428571427,2022-08-01,984823.6,-478.714285714319,Declining
2022-08-10,739024.0,1928.0,972979.0,2464.0,2022-08-01,984708.1,-6272.285714285681,Declining
2022-08-11,777771.0,2658.0,966567.8571428572,2510.1428571428573,2022-08-01,996570.8,-6411.1428571428405,Declining
2022-08-12,796069.0,2231.0,905240.4285714285,2510.285714285714,2022-08-01,998932.3,-61327.42857142864,Declining
2022-08-13,751356.0,2609.0,894887.7142857143,2500.285714285714,2022-08-01,998037.1666666666,-10352.714285714203,Declining
2022-08-14,1444356.0,4863.0,821769.4285714285,2472.4285714285716,2022-08-01,1020421.3333333334,-73118.2857142858,Declining
2022-08-15,612933.0,1581.0,808197.4285714285,2470.285714285714,2022-08-01,1014357.0,-13572.0,Declining
2022-08-16,424377.0,1312.0,792269.4285714285,2454.5714285714284,2022-08-01,937081.7,-15928.0,Declining
2022-08-17,687466.0,1921.0,784904.0,2453.5714285714284,2022-08-01,932137.7666666667,-7365.4285714285215,Declining
2022-08-18,775278.0,2250.0,784547.8571428572,2395.285714285714,2022-08-01,942541.2,-356.1428571428405,Declining
2022-08-19,776032.0,2366.0,781685.4285714285,2414.5714285714284,2022-08-01,943988.9333333333,-2862.428571428638,Declining
2022-08-20,779411.0,2497.0,785693.2857142857,2398.5714285714284,2022-08-01,942935.1333333333,4007.8571428571595,Increasing
2022-08-21,1330494.0,4047.0,769427.2857142857,2282.0,2022-08-01,959559.6666666666,-16266.0,Declining
2022-08-22,595684.0,1506.0,766963.1428571428,2271.285714285714,2022-08-01,950605.2,-2464.1428571428405,Declining
2022-08-23,527653.0,1380.0,781716.8571428572,2281.0,2022-08-01,880373.2666666667,14753.714285714319,Increasing
2022-08-24,651632.0,1848.0,776597.7142857143,2270.5714285714284,2022-08-01,871622.7666666667,-5119.1428571428405,Declining
2022-08-25,708930.0,2160.0,767119.4285714285,2257.714285714286,2022-08-01,876723.3,-9478.285714285797,Declining
2022-08-26,700129.0,2268.0,756276.1428571428,2243.714285714286,2022-08-01,873495.6,-10843.285714285681,Declining
2022-08-27,641128.0,2297.0,736521.4285714285,2215.1428571428573,2022-08-01,867155.1,-19754.71428571432,Declining
2022-08-28,940462.0,3732.0,680802.5714285715,2170.1428571428573,2022-08-01,870182.3,-55718.85714285704,Declining
2022-08-29,651222.0,1385.0,688736.5714285715,2152.8571428571427,2022-08-01,863345.6666666666,7934.0,Increasing
2022-08-30,416560.0,1282.0,672866.1428571428,2138.8571428571427,2022-08-01,797230.4,-15870.428571428638,Declining
2022-08-31,552336.0,1698.0,658681.0,2117.4285714285716,2022-08-01,789142.8666666667,-14185.14285714284,Declining
2022-09-01,593895.0,2062.0,642247.4285714285,2103.4285714285716,2022-09-01,790965.2333333333,-16433.57142857148,Declining
2022-09-02,586821.0,2091.0,626060.5714285715,2078.1428571428573,2022-09-01,784428.2666666667,-16186.857142857043,Declining
2022-09-03,542714.0,2245.0,612001.4285714285,2070.714285714286,2022-09-01,775097.1,-14059.142857142957,Declining
2022-09-04,946136.0,3150.0,612812.0,1987.5714285714287,2022-09-01,765789.6,810.5714285714785,Increasing
2022-09-05,395749.0,1277.0,576315.8571428572,1972.142857142857,2022-09-01,751520.4,-36496.14285714284,Declining
2022-09-06,356494.0,1149.0,567735.0,1953.142857142857,2022-09-01,698197.4,-8580.85714285716,Declining
2022-09-07,406097.0,1187.0,546843.7142857143,1880.142857142857,2022-09-01,688136.0666666667,-20891.28571428568,Declining
2022-09-08,531489.0,1706.0,537928.5714285715,1829.2857142857142,2022-09-01,687989.9333333333,-8915.14285714284,Declining
2022-09-09,473157.0,1623.0,521690.85714285716,1762.4285714285713,2022-09-01,679127.7,-16237.714285714319,Declining
2022-09-10,351030.0,1739.0,494307.4285714286,1690.142857142857,2022-09-01,664903.0,-27383.42857142858,Declining
2022-09-11,755267.0,2718.0,467040.4285714286,1628.4285714285713,2022-09-01,663542.9333333333,-27267.0,Declining
2022-09-12,536187.0,1035.0,487103.0,1593.857142857143,2022-09-01,656370.6333333333,20062.57142857142,Increasing
2022-09-13,289122.0,954.0,477478.4285714286,1566.0,2022-09-01,617862.8333333334,-9624.57142857142,Declining
2022-09-14,450789.0,1248.0,483863.0,1574.7142857142858,2022-09-01,612458.0333333333,6384.57142857142,Increasing
2022-09-15,446109.0,1529.0,471665.85714285716,1549.4285714285713,2022-09-01,613182.4333333333,-12197.14285714284,Declining
2022-09-16,445016.0,1786.0,467645.71428571426,1572.7142857142858,2022-09-01,605100.7666666667,-4020.1428571428987,Declining
2022-09-17,367806.0,1876.0,470042.28571428574,1592.2857142857142,2022-09-01,591518.3666666667,2396.5714285714785,Increasing
2022-09-18,860675.0,2303.0,485100.5714285714,1533.0,2022-09-01,594339.8,15058.285714285681,Increasing
2022-09-19,449122.0,817.0,472662.71428571426,1501.857142857143,2022-09-01,583330.1666666666,-12437.85714285716,Declining
2022-09-20,262319.0,763.0,468833.71428571426,1474.5714285714287,2022-09-01,547724.3333333334,-3829.0,Declining
2022-09-21,359639.0,1128.0,455812.28571428574,1457.4285714285713,2022-09-01,539856.1666666666,-13021.428571428522,Declining
2022-09-22,335890.0,1515.0,440066.71428571426,1455.4285714285713,2022-09-01,533464.0666666667,-15745.571428571478,Declining
2022-09-23,397275.0,1436.0,433246.5714285714,1405.4285714285713,2022-09-01,524985.5,-6820.1428571428405,Declining
2022-09-24,409091.0,1881.0,439144.4285714286,1406.142857142857,2022-09-01,514990.86666666664,5897.8571428571595,Increasing
2022-09-25,1004957.0,2571.0,459756.14285714284,1444.4285714285713,2022-09-01,525151.8,20611.71428571426,Increasing
2022-09-26,268309.0,678.0,433925.71428571426,1424.5714285714287,2022-09-01,512724.5,-25830.42857142858,Declining
2022-09-27,259083.0,777.0,433463.4285714286,1426.5714285714287,2022-09-01,490011.86666666664,-462.285714285681,Declining
2022-09-28,301466.0,1079.0,425153.0,1419.5714285714287,2022-09-01,478353.3333333333,-8310.42857142858,Declining
2022-09-29,359719.0,1251.0,428557.14285714284,1381.857142857143,2022-09-01,476458.63333333336,3404.1428571428405,Increasing
2022-09-30,362454.0,1925.0,423582.71428571426,1451.7142857142858,2022-09-01,470129.23333333334,-4974.42857142858,Declining
2022-10-01,423611.0,1610.0,425657.0,1413.0,2022-10-01,464453.1,2074.2857142857392,Increasing
2022-10-02,1256094.0,2889.0,461533.71428571426,1458.4285714285713,2022-10-01,486762.2,35876.71428571426,Increasing
2022-10-03,218191.0,951.0,454374.0,1497.4285714285713,2022-10-01,475944.76666666666,-7159.714285714261,Declining
2022-10-04,186861.0,814.0,444056.5714285714,1502.7142857142858,2022-10-01,450635.6,-10317.42857142858,Declining
2022-10-05,341005.0,1059.0,449705.0,1499.857142857143,2022-10-01,448810.8,5648.42857142858,Increasing
2022-10-06,330105.0,1366.0,445474.4285714286,1516.2857142857142,2022-10-01,447931.1666666667,-4230.57142857142,Declining
2022-10-07,326074.0,1721.0,440277.28571428574,1487.142857142857,2022-10-01,445263.73333333334,-5197.1428571428405,Declining
2022-10-08,376731.0,1682.0,433580.14285714284,1497.4285714285713,2022-10-01,440105.13333333336,-6697.142857142899,Declining
2022-10-09,1439598.0,3596.0,459795.0,1598.4285714285713,2022-10-01,472319.8333333333,26214.85714285716,Increasing
2022-10-10,216236.0,807.0,459515.71428571426,1577.857142857143,2022-10-01,467826.7,-279.28571428573923,Declining
2022-10-11,185537.0,784.0,459326.5714285714,1573.5714285714287,2022-10-01,448835.7,-189.1428571428405,Declining
2022-10-12,323178.0,1035.0,456779.85714285716,1570.142857142857,2022-10-01,441735.4,-2546.7142857142608,Declining
2022-10-13,322559.0,1258.0,455701.85714285716,1554.7142857142858,2022-10-01,442849.9666666667,-1078.0,Declining
2022-10-14,321450.0,1516.0,455041.28571428574,1525.4285714285713,2022-10-01,438538.6666666667,-660.5714285714203,Declining
2022-10-15,329812.0,1752.0,448338.5714285714,1535.4285714285713,2022-10-01,434662.1,-6702.714285714319,Declining
2022-10-16,1476777.0,3729.0,453649.85714285716,1554.4285714285713,2022-10-01,469054.13333333336,5311.285714285739,Increasing
2022-10-17,215951.0,765.0,453609.14285714284,1548.4285714285713,2022-10-01,463992.3,-40.714285714318976,Declining
2022-10-18,198743.0,728.0,455495.71428571426,1540.4285714285713,2022-10-01,441927.9,1886.5714285714203,Increasing
2022-10-19,311635.0,1235.0,453846.71428571426,1569.0,2022-10-01,437345.0,-1649.0,Declining
2022-10-20,283157.0,1315.0,448217.85714285716,1577.142857142857,2022-10-01,438039.6,-5628.857142857101,Declining
2022-10-21,226148.0,821.0,434603.28571428574,1477.857142857143,2022-10-01,433589.9,-13614.57142857142,Declining
2022-10-22,423540.0,3387.0,447993.0,1711.4285714285713,2022-10-01,436511.56666666665,13389.71428571426,Increasing
2022-10-23,1238438.0,3581.0,413944.5714285714,1690.2857142857142,2022-10-01,464550.3333333333,-34048.42857142858,Declining
2022-10-24,175259.0,651.0,408131.4285714286,1674.0,2022-10-01,456755.93333333335,-5813.1428571428405,Declining
2022-10-25,190074.0,653.0,406893.0,1663.2857142857142,2022-10-01,429593.1666666667,-1238.4285714285797,Declining
2022-10-26,257054.0,1015.0,399095.71428571426,1631.857142857143,2022-10-01,429218.0,-7797.285714285739,Declining
2022-10-27,231005.0,811.0,391645.4285714286,1559.857142857143,2022-10-01,428282.06666666665,-7450.285714285681,Declining
2022-10-28,474683.0,3926.0,427150.4285714286,2003.4285714285713,2022-10-01,434055.9666666667,35505.0,Increasing
2022-10-29,282911.0,1237.0,407060.5714285714,1696.2857142857142,2022-10-01,431495.7,-20089.85714285716,Declining
2022-10-30,923417.0,3210.0,362057.5714285714,1643.2857142857142,2022-10-01,450194.4666666667,-45003.0,Declining
2022-10-31,175439.0,662.0,362083.28571428574,1644.857142857143,2022-10-01,441922.06666666665,25.714285714318976,Increasing
2022-11-01,207398.0,663.0,364558.14285714284,1646.2857142857142,2022-11-01,406965.5333333333,2474.8571428571013,Increasing
2022-11-02,260392.0,2143.0,365035.0,1807.4285714285713,2022-11-01,408372.23333333334,476.8571428571595,Increasing
2022-11-03,225131.0,746.0,364195.85714285716,1798.142857142857,2022-11-01,409647.9,-839.1428571428405,Declining
2022-11-04,482769.0,3136.0,365351.0,1685.2857142857142,2022-11-01,414373.36666666664,1155.1428571428405,Increasing
2022-11-05,256623.0,1178.0,361595.5714285714,1676.857142857143,2022-11-01,411923.9666666667,-3755.4285714285797,Declining
2022-11-06,726913.0,2636.0,333523.5714285714,1594.857142857143,2022-11-01,425285.26666666666,-28072.0,Declining
2022-11-07,193735.0,716.0,336137.28571428574,1602.5714285714287,2022-11-01,419185.4,2613.714285714319,Increasing
2022-11-08,248400.0,641.0,341994.71428571426,1599.4285714285713,2022-11-01,379478.8,5857.4285714285215,Increasing
2022-11-09,190489.0,690.0,332008.5714285714,1391.857142857143,2022-11-01,378620.56666666665,-9986.14285714284,Declining
2022-11-10,270956.0,799.0,338555.0,1399.4285714285713,2022-11-01,381467.86666666664,6546.42857142858,Increasing
2022-11-11,542141.0,3078.0,347036.71428571426,1391.142857142857,2022-11-01,388766.63333333336,8481.71428571426,Increasing
2022-11-12,344012.0,1059.0,359520.85714285716,1374.142857142857,2022-11-01,389481.73333333334,12484.142857142899,Increasing
2022-11-13,699423.0,2523.0,355593.71428571426,1358.0,2022-11-01,402080.8333333333,-3927.1428571428987,Declining
2022-11-14,226898.0,657.0,360331.28571428574,1349.5714285714287,2022-11-01,398650.36666666664,4737.5714285714785,Increasing
2022-11-15,280643.0,680.0,364937.4285714286,1355.142857142857,2022-11-01,358779.23333333334,4606.1428571428405,Increasing
2022-11-16,309667.0,726.0,381962.85714285716,1360.2857142857142,2022-11-01,361903.1,17025.42857142858,Increasing
2022-11-17,274327.0,783.0,382444.4285714286,1358.0,2022-11-01,364422.56666666665,481.57142857142026,Increasing
2022-11-18,463926.0,2963.0,371270.85714285716,1341.5714285714287,2022-11-01,369498.93333333335,-11173.57142857142,Declining
2022-11-19,384451.0,1032.0,377047.85714285716,1337.7142857142858,2022-11-01,372875.4,5777.0,Increasing
2022-11-20,742871.0,2521.0,383254.71428571426,1337.4285714285713,2022-11-01,390099.5,6206.857142857101,Increasing
2022-11-21,250603.0,688.0,386641.14285714284,1341.857142857143,2022-11-01,384334.93333333335,3386.4285714285797,Increasing
2022-11-22,278285.0,619.0,386304.28571428574,1333.142857142857,2022-11-01,352329.8333333333,-336.8571428571013,Declining
2022-11-23,354404.0,777.0,392695.28571428574,1340.4285714285713,2022-11-01,358301.3333333333,6391.0,Increasing
2022-11-24,257272.0,925.0,390258.85714285716,1360.7142857142858,2022-11-01,360541.26666666666,-2436.4285714285797,Declining
2022-11-25,505334.0,3568.0,396174.28571428574,1447.142857142857,2022-11-01,368817.26666666666,5915.42857142858,Increasing
2022-11-26,453771.0,1075.0,406077.14285714284,1453.2857142857142,2022-11-01,376242.8,9902.857142857101,Increasing
2022-11-27,877943.0,2565.0,425373.14285714284,1459.5714285714287,2022-11-01,389684.8,19296.0,Increasing
2022-11-28,263872.0,742.0,427268.71428571426,1467.2857142857142,2022-11-01,389050.1666666667,1895.5714285714203,Increasing
2022-11-29,305749.0,837.0,431192.14285714284,1498.4285714285713,2022-11-01,368461.23333333334,3923.4285714285797,Increasing
2022-11-30,358261.0,883.0,431743.14285714284,1513.5714285714287,2022-11-01,374555.3,551.0,Increasing
2022-12-01,346684.0,825.0,444516.28571428574,1499.2857142857142,2022-12-01,379198.1666666667,12773.142857142899,Increasing
2022-12-02,639608.0,2684.0,463698.28571428574,1373.0,2022-12-01,391838.7,19182.0,Increasing
2022-12-03,335306.0,1269.0,446774.71428571426,1400.7142857142858,2022-12-01,395511.2,-16923.57142857148,Declining
2022-12-04,987527.0,2898.0,462429.5714285714,1448.2857142857142,2022-12-01,412336.4666666667,15654.85714285716,Increasing
2022-12-05,301977.0,881.0,467873.14285714284,1468.142857142857,2022-12-01,413848.26666666666,5443.57142857142,Increasing
2022-12-06,307207.0,827.0,468081.4285714286,1466.7142857142858,2022-12-01,399858.06666666665,208.28571428573923,Increasing
2022-12-07,387611.0,1092.0,472274.28571428574,1496.5714285714287,2022-12-01,406320.6,4192.8571428571595,Increasing
2022-12-08,422872.0,1116.0,483158.28571428574,1538.142857142857,2022-12-01,412136.3333333333,10884.0,Increasing
2022-12-09,832899.0,4228.0,510771.28571428574,1758.7142857142858,2022-12-01,433550.0,27613.0,Increasing
2022-12-10,798192.0,1352.0,576897.8571428572,1770.5714285714287,2022-12-01,451124.5333333333,66126.57142857142,Increasing
2022-12-11,1564400.0,3312.0,659308.2857142857,1829.7142857142858,2022-12-01,485199.8333333333,82410.42857142852,Increasing
2022-12-12,1070966.0,1047.0,769163.8571428572,1853.4285714285713,2022-12-01,509431.63333333336,109855.57142857148,Increasing
2022-12-13,1228364.0,1011.0,900757.7142857143,1879.7142857142858,2022-12-01,527063.0,131593.85714285716,Increasing
2022-12-14,1478662.0,1344.0,1056622.142857143,1915.7142857142858,2022-12-01,568788.4666666667,155864.42857142864,Increasing
2022-12-15,1564016.0,1074.0,1219642.7142857143,1909.7142857142858,2022-12-01,611567.5666666667,163020.57142857136,Increasing
2022-12-16,2667065.0,4259.0,1481666.4285714286,1914.142857142857,2022-12-01,690147.5,262023.71428571432,Increasing
2022-12-17,2696967.0,1698.0,1752920.0,1963.5714285714287,2022-12-01,770902.1666666666,271253.57142857136,Increasing
2022-12-18,4271457.0,4266.0,2139642.4285714286,2099.8571428571427,2022-12-01,897819.8666666667,386722.42857142864,Increasing
2022-12-19,4364831.0,1435.0,2610194.5714285714,2155.285714285714,2022-12-01,1030499.2,470552.1428571427,Increasing
2022-12-20,5444146.0,1415.0,3212449.1428571427,2213.0,2022-12-01,1187208.3666666667,602254.5714285714,Increasing
2022-12-21,6336738.0,1812.0,3906460.0,2279.8571428571427,2022-12-01,1390079.5333333334,694010.8571428573,Increasing
2022-12-22,6843175.0,2050.0,4660625.571428572,2419.285714285714,2022-12-01,1608909.2,754165.5714285718,Increasing
2022-12-23,7852908.0,5095.0,5401460.285714285,2538.714285714286,2022-12-01,1858859.3333333333,740834.7142857136,Increasing
2022-12-24,6727748.0,2712.0,5977286.142857143,2683.5714285714284,2022-12-01,2074541.8666666667,575825.8571428573,Increasing
2022-12-25,6666659.0,5797.0,6319457.857142857,2902.285714285714,2022-12-01,2279919.3666666667,342171.71428571455,Increasing
2022-12-26,4942856.0,2527.0,6402032.857142857,3058.285714285714,2022-12-01,2429555.533333333,82575.0,Increasing
2022-12-27,4866848.0,2009.0,6319561.714285715,3143.1428571428573,2022-12-01,2562519.033333333,-82471.14285714272,Declining
2022-12-28,4812477.0,3167.0,6101810.142857143,3336.714285714286,2022-12-01,2714139.2,-217751.57142857183,Declining
2022-12-29,3730492.0,3554.0,5657141.142857143,3551.5714285714284,2022-12-01,2828297.3,-444669.0,Declining
2022-12-30,3708597.0,6662.0,5065096.714285715,3775.4285714285716,2022-12-01,2939975.1666666665,-592044.4285714282,Declining
2022-12-31,2783467.0,6650.0,4501628.0,4338.0,2022-12-01,3021201.2666666666,-563468.7142857146,Declining
2023-01-01,2887955.0,7808.0,3961813.1428571427,4625.285714285715,2023-01-01,3096146.1666666665,-539814.8571428573,Declining
2023-01-02,1837591.0,5218.0,3518203.8571428573,5009.714285714285,2023-01-01,3146222.3333333335,-443609.28571428545,Declining
2023-01-03,1470316.0,5169.0,3032985.0,5461.142857142857,2023-01-01,3162315.3,-485218.8571428573,Declining
2023-01-04,1633605.0,5567.0,2578860.4285714286,5804.0,2023-01-01,3206702.9,-454124.57142857136,Declining
2023-01-05,1508037.0,812.0,2261366.8571428573,5412.285714285715,2023-01-01,3246730.566666667,-317493.57142857136,Declining
2023-01-06,1873245.0,3590.0,1999173.7142857143,4973.428571428572,2023-01-01,3296251.7,-262193.14285714296,Declining
2023-01-07,1273749.0,1183.0,1783499.7142857143,4192.428571428572,2023-01-01,3324614.2666666666,-215674.0,Declining
2023-01-08,1383456.0,3029.0,1568571.2857142857,3509.714285714286,2023-01-01,3342966.1666666665,-214928.42857142864,Declining
2023-01-09,881614.0,676.0,1432003.142857143,2860.8571428571427,2023-01-01,3345746.9,-136568.14285714272,Declining
2023-01-10,598636.0,511.0,1307477.4285714286,2195.4285714285716,2023-01-01,3313554.7666666666,-124525.71428571432,Declining
2023-01-11,618467.0,751.0,1162457.7142857143,1507.4285714285713,2023-01-01,3298471.466666667,-145019.71428571432,Declining
2023-01-12,640395.0,554.0,1038508.8571428572,1470.5714285714287,2023-01-01,3278872.5,-123948.85714285716,Declining
2023-01-13,1023267.0,5062.0,917083.4285714285,1680.857142857143,2023-01-01,3263692.6666666665,-121425.42857142864,Declining
2023-01-14,495337.0,1105.0,805881.7142857143,1669.7142857142858,2023-01-01,3228070.033333333,-111201.7142857142,Declining
2023-01-15,629229.0,2236.0,698135.0,1556.4285714285713,2023-01-01,3160142.1666666665,-107746.71428571432,Declining
2023-01-16,370279.0,625.0,625087.1428571428,1549.142857142857,2023-01-01,3082585.9,-73047.85714285716,Declining
2023-01-17,237845.0,475.0,573545.5714285715,1544.0,2023-01-01,2948132.1666666665,-51541.57142857136,Declining
2023-01-18,352793.0,527.0,535592.1428571428,1512.0,2023-01-01,2814397.566666667,-37953.42857142864,Declining
2023-01-19,325724.0,537.0,490639.14285714284,1509.5714285714287,2023-01-01,2643783.5,-44953.0,Declining
2023-01-20,582803.0,4365.0,427715.71428571426,1410.0,2023-01-01,2451985.6666666665,-62923.42857142858,Declining
2023-01-21,273776.0,1253.0,396064.14285714284,1431.142857142857,2023-01-01,2233005.7,-31651.57142857142,Declining
2023-01-22,371662.0,1935.0,359268.85714285716,1388.142857142857,2023-01-01,1983630.8333333333,-36795.28571428568,Declining
2023-01-23,170065.0,460.0,330666.85714285716,1364.5714285714287,2023-01-01,1765041.4,-28602.0,Declining
2023-01-24,107807.0,370.0,312090.0,1349.5714285714287,2023-01-01,1546413.0,-18576.85714285716,Declining
2023-01-25,177453.0,447.0,287041.4285714286,1338.142857142857,2023-01-01,1387566.2333333334,-25048.57142857142,Declining
2023-01-26,191300.0,486.0,267838.0,1330.857142857143,2023-01-01,1231714.6333333333,-19203.42857142858,Declining
2023-01-27,459317.0,4321.0,250197.14285714287,1324.5714285714287,2023-01-01,1086609.3,-17640.85714285713,Declining
2023-01-28,163100.0,717.0,234386.2857142857,1248.0,2023-01-01,967696.2333333333,-15810.85714285716,Declining
2023-01-29,290451.0,1598.0,222784.7142857143,1199.857142857143,2023-01-01,853758.0333333333,-11601.57142857142,Declining
2023-01-30,134990.0,372.0,217774.0,1187.2857142857142,2023-01-01,765475.4666666667,-5010.71428571429,Declining
2023-01-31,66297.0,364.0,211844.0,1186.4285714285713,2023-01-01,671420.2,-5930.0,Declining
2023-02-01,176142.0,57167.0,211656.7142857143,9289.285714285714,2023-02-01,616038.5666666667,-187.28571428571013,Declining
2023-02-02,130044.0,1143.0,202905.85714285713,9383.142857142857,2023-02-01,571362.8333333334,-8750.85714285716,Declining
2023-02-03,432640.0,7699.0,199094.85714285713,9865.714285714286,2023-02-01,531330.6666666666,-3811.0,Declining
2023-02-04,178343.0,1002.0,201272.42857142858,9906.42857142857,2023-02-01,487007.5333333333,2177.5714285714494,Increasing
2023-02-05,267175.0,1941.0,197947.2857142857,9955.42857142857,2023-02-01,433471.86666666664,-3325.1428571428696,Declining
2023-02-06,107668.0,626.0,194044.14285714287,9991.714285714286,2023-02-01,394602.5,-3903.1428571428405,Declining
2023-02-07,83529.0,545.0,196505.85714285713,10017.57142857143,2023-02-01,351271.6,2461.7142857142608,Increasing
2023-02-08,134354.0,662.0,190536.14285714287,1945.4285714285713,2023-02-01,326362.93333333335,-5969.714285714261,Declining
2023-02-09,133895.0,1611.0,191086.2857142857,2012.2857142857142,2023-02-01,310871.56666666665,550.1428571428405,Increasing
2023-02-10,407546.0,4045.0,187501.42857142858,1490.2857142857142,2023-02-01,303840.86666666664,-3584.8571428571304,Declining
2023-02-11,124717.0,870.0,179840.57142857142,1471.4285714285713,2023-02-01,286651.6,-7660.8571428571595,Declining
2023-02-12,255716.0,1746.0,178203.57142857142,1443.5714285714287,2023-02-01,261066.56666666668,-1637.0,Declining
2023-02-13,90227.0,441.0,175712.0,1417.142857142857,2023-02-01,247562.9,-2491.5714285714203,Declining
2023-02-14,71703.0,474.0,174022.57142857142,1407.0,2023-02-01,228978.7,-1689.4285714285797,Declining
2023-02-15,135039.0,699.0,174120.42857142858,1412.2857142857142,2023-02-01,221137.36666666667,97.85714285715949,Increasing
2023-02-16,108693.0,688.0,170520.14285714287,1280.4285714285713,2023-02-01,216832.3,-3600.28571428571,Declining
2023-02-17,357749.0,3471.0,163406.2857142857,1198.4285714285713,2023-02-01,216997.5,-7113.8571428571595,Declining
2023-02-18,99294.0,808.0,159774.42857142858,1189.5714285714287,2023-02-01,209449.83333333334,-3631.8571428571304,Declining
2023-02-19,283037.0,1960.0,163677.42857142858,1220.142857142857,2023-02-01,199457.63333333333,3903.0,Increasing
2023-02-20,98128.0,398.0,164806.14285714287,1214.0,2023-02-01,193602.7,1128.7142857142899,Increasing
2023-02-21,65792.0,419.0,163961.7142857143,1206.142857142857,2023-02-01,183407.03333333333,-844.4285714285797,Declining
2023-02-22,99425.0,490.0,158874.0,1176.2857142857142,2023-02-01,181052.36666666667,-5087.71428571429,Declining
2023-02-23,97532.0,465.0,157279.57142857142,1144.4285714285713,2023-02-01,180709.86666666667,-1594.4285714285797,Declining
2023-02-24,93925.0,725.0,119590.42857142857,752.1428571428571,2023-02-01,177925.6,-37689.142857142855,Declining
2023-02-25,352396.0,3398.0,155747.85714285713,1122.142857142857,2023-02-01,183295.46666666667,36157.428571428565,Increasing
2023-02-26,265614.0,1877.0,153258.85714285713,1110.2857142857142,2023-02-01,176838.7,-2489.0,Declining
2023-02-27,123569.0,422.0,156893.2857142857,1113.7142857142858,2023-02-01,175521.0,3634.4285714285797,Increasing
2023-02-28,57299.0,411.0,155680.0,1112.5714285714287,2023-02-01,167749.26666666666,-1213.2857142857101,Declining
2023-03-01,99334.0,487.0,155667.0,1112.142857142857,2023-03-01,166560.73333333334,-13.0,Declining
2023-03-02,100269.0,525.0,156058.0,1120.7142857142858,2023-03-01,167693.13333333333,391.0,Increasing
2023-03-03,101783.0,541.0,157180.57142857142,1094.4285714285713,2023-03-01,165214.5,1122.5714285714203,Increasing
2023-03-04,306384.0,2992.0,150607.42857142858,1036.4285714285713,2023-03-01,171092.5,-6573.1428571428405,Declining
2023-03-05,239782.0,1627.0,146917.14285714287,1000.7142857142857,2023-03-01,164663.9,-3690.28571428571,Declining
2023-03-06,126509.0,462.0,147337.14285714287,1006.4285714285714,2023-03-01,162936.1,420.0,Increasing
2023-03-07,58166.0,361.0,147461.0,999.2857142857143,2023-03-01,155969.13333333333,123.85714285713038,Increasing
2023-03-08,86647.0,439.0,145648.57142857142,992.4285714285714,2023-03-01,155268.43333333332,-1812.4285714285797,Declining
2023-03-09,82821.0,466.0,143156.0,984.0,2023-03-01,155244.83333333334,-2492.5714285714203,Declining
2023-03-10,77206.0,392.0,139645.0,962.7142857142857,2023-03-01,153339.9,-3511.0,Declining
2023-03-11,248579.0,2608.0,131387.14285714287,907.8571428571429,2023-03-01,157162.7,-8257.85714285713,Declining
2023-03-12,214896.0,1614.0,127832.0,906.0,2023-03-01,150741.03333333333,-3555.1428571428696,Declining
2023-03-13,159888.0,716.0,132600.42857142858,942.2857142857143,2023-03-01,151913.4,4768.42857142858,Increasing
2023-03-14,57316.0,419.0,132479.0,950.5714285714286,2023-03-01,145300.06666666668,-121.42857142857974,Declining
2023-03-15,83256.0,474.0,131994.57142857142,955.5714285714286,2023-03-01,145067.7,-484.42857142857974,Declining
2023-03-16,80749.0,372.0,131698.57142857142,942.1428571428571,2023-03-01,145369.23333333334,-296.0,Declining
2023-03-17,68006.0,436.0,130384.28571428571,948.4285714285714,2023-03-01,143134.8,-1314.2857142857101,Declining
2023-03-18,208939.0,2425.0,124721.42857142857,922.2857142857143,2023-03-01,146476.33333333334,-5662.857142857145,Declining
2023-03-19,221068.0,1782.0,125603.14285714286,946.2857142857143,2023-03-01,141920.3,881.7142857142899,Increasing
2023-03-20,153600.0,683.0,124704.85714285714,941.5714285714286,2023-03-01,143730.5,-898.2857142857101,Declining
2023-03-21,53703.0,405.0,124188.71428571429,939.5714285714286,2023-03-01,136086.03333333333,-516.1428571428551,Declining
2023-03-22,67754.0,428.0,121974.14285714286,933.0,2023-03-01,135073.56666666668,-2214.571428571435,Declining
2023-03-23,64959.0,462.0,119718.42857142857,945.8571428571429,2023-03-01,135045.8,-2255.71428571429,Declining
2023-03-24,62836.0,361.0,118979.85714285714,935.1428571428571,2023-03-01,133826.16666666666,-738.5714285714203,Declining
2023-03-25,225816.0,2625.0,121390.85714285714,963.7142857142857,2023-03-01,138102.3,2411.0,Increasing
2023-03-26,204469.0,1747.0,119019.57142857143,958.7142857142857,2023-03-01,141787.1,-2371.28571428571,Declining
2023-03-27,95707.0,452.0,110749.14285714286,925.7142857142857,2023-03-01,133230.8,-8270.42857142858,Declining
2023-03-28,44790.0,341.0,109475.85714285714,916.5714285714286,2023-03-01,125870.0,-1273.2857142857101,Declining
2023-03-29,62716.0,382.0,108756.14285714286,910.0,2023-03-01,123841.56666666667,-719.7142857142899,Declining
2023-03-30,114280.0,690.0,115802.0,942.5714285714286,2023-03-01,125740.93333333333,7045.857142857145,Increasing
2023-03-31,49933.0,447.0,113958.71428571429,954.8571428571429,2023-03-01,124094.23333333334,-1843.2857142857101,Declining
2023-04-01,233684.0,2254.0,115082.71428571429,901.8571428571429,2023-04-01,128541.4,1124.0,Increasing
2023-04-02,198424.0,1493.0,114219.14285714286,865.5714285714286,2023-04-01,131762.76666666666,-863.5714285714348,Declining
2023-04-03,106535.0,374.0,115766.0,854.4285714285714,2023-04-01,125101.13333333333,1546.857142857145,Increasing
2023-04-04,35455.0,230.0,114432.42857142857,838.5714285714286,2023-04-01,118290.23333333334,-1333.5714285714348,Declining
2023-04-05,54194.0,288.0,113215.0,825.1428571428571,2023-04-01,115879.73333333334,-1217.4285714285652,Declining
2023-04-06,54351.0,365.0,104653.71428571429,778.7142857142857,2023-04-01,115752.56666666667,-8561.28571428571,Declining
2023-04-07,49705.0,244.0,104621.14285714286,749.7142857142857,2023-04-01,114521.16666666667,-32.57142857143481,Declining
2023-04-08,48160.0,335.0,78117.71428571429,475.57142857142856,2023-04-01,113365.8,-26503.428571428565,Declining
2023-04-09,352663.0,3806.0,100151.85714285714,806.0,2023-04-01,122547.7,22034.142857142855,Increasing
2023-04-10,93569.0,385.0,98299.57142857143,807.5714285714286,2023-04-01,117380.7,-1852.2857142857101,Declining
2023-04-11,37040.0,239.0,98526.0,808.8571428571429,2023-04-01,111452.16666666667,226.4285714285652,Increasing
2023-04-12,51731.0,356.0,98174.14285714286,818.5714285714286,2023-04-01,107846.93333333333,-351.85714285714494,Declining
2023-04-13,58920.0,299.0,98826.85714285714,809.1428571428571,2023-04-01,107900.4,652.7142857142899,Increasing
2023-04-14,56609.0,299.0,99813.14285714286,817.0,2023-04-01,107012.16666666667,986.2857142857101,Increasing
2023-04-15,53583.0,354.0,100587.85714285714,819.7142857142857,2023-04-01,106106.63333333333,774.7142857142899,Increasing
2023-04-16,343365.0,3310.0,99259.57142857143,748.8571428571429,2023-04-01,115285.26666666666,-1328.2857142857101,Declining
2023-04-17,112991.0,403.0,102034.14285714286,751.4285714285714,2023-04-01,112087.0,2774.5714285714203,Increasing
2023-04-18,44704.0,263.0,103129.0,754.8571428571429,2023-04-01,106208.2,1094.857142857145,Increasing
2023-04-19,62700.0,285.0,104696.0,744.7142857142857,2023-04-01,103178.2,1567.0,Increasing
2023-04-20,62962.0,353.0,105273.42857142857,752.4285714285714,2023-04-01,103486.83333333333,577.4285714285652,Increasing
2023-04-21,60029.0,285.0,105762.0,750.4285714285714,2023-04-01,103229.33333333333,488.5714285714348,Increasing
2023-04-22,57511.0,252.0,106323.14285714286,735.8571428571429,2023-04-01,102981.06666666667,561.1428571428551,Increasing
2023-04-23,336718.0,3432.0,105373.57142857143,753.2857142857143,2023-04-01,112110.46666666666,-949.5714285714203,Declining
2023-04-24,112239.0,423.0,105266.14285714286,756.1428571428571,2023-04-01,108324.56666666667,-107.42857142857974,Declining
2023-04-25,41681.0,266.0,104834.28571428571,756.5714285714286,2023-04-01,102898.3,-431.85714285714494,Declining
2023-04-26,60253.0,267.0,104484.71428571429,754.0,2023-04-01,101716.5,-349.57142857142026,Declining
2023-04-27,57346.0,272.0,103682.42857142857,742.4285714285714,2023-04-01,102135.03333333334,-802.2857142857247,Declining
2023-04-28,57305.0,294.0,103293.28571428571,743.7142857142857,2023-04-01,101954.66666666667,-389.14285714285506,Declining
2023-04-29,55984.0,279.0,103075.14285714286,747.5714285714286,2023-04-01,100011.46666666666,-218.14285714285506,Declining
2023-04-30,299803.0,2933.0,97801.57142857143,676.2857142857143,2023-04-01,108340.46666666666,-5273.57142857142,Declining
2023-05-01,105365.0,361.0,96819.57142857143,667.4285714285714,2023-05-01,104063.16666666667,-982.0,Declining
2023-05-02,38904.0,222.0,96422.85714285714,661.1428571428571,2023-05-01,98745.83333333333,-396.7142857142899,Declining
2023-05-03,56434.0,245.0,95877.28571428571,658.0,2023-05-01,97075.8,-545.5714285714348,Declining
2023-05-04,60988.0,266.0,96397.57142857143,657.1428571428571,2023-05-01,97926.9,520.2857142857247,Increasing
2023-05-05,52245.0,253.0,95674.71428571429,651.2857142857143,2023-05-01,97861.93333333333,-722.8571428571449,Declining
2023-05-06,40466.0,262.0,93457.85714285714,648.8571428571429,2023-05-01,97399.1,-2216.857142857145,Declining
2023-05-07,255044.0,3116.0,87063.71428571429,675.0,2023-05-01,104243.73333333334,-6394.142857142855,Declining
2023-05-08,124957.0,363.0,89862.57142857143,675.2857142857143,2023-05-01,106803.63333333333,2798.857142857145,Increasing
2023-05-09,46757.0,209.0,90984.42857142857,673.4285714285714,2023-05-01,96606.76666666666,1121.8571428571304,Increasing
2023-05-10,42421.0,207.0,88982.57142857143,668.0,2023-05-01,94901.83333333333,-2001.8571428571304,Declining
2023-05-11,37853.0,207.0,85677.57142857143,659.5714285714286,2023-05-01,94928.93333333333,-3305.0,Declining
2023-05-12,39403.0,181.0,83843.0,649.2857142857143,2023-05-01,94518.0,-1834.5714285714348,Declining
2023-05-13,36268.0,241.0,83243.28571428571,646.2857142857143,2023-05-01,93762.93333333333,-599.7142857142899,Declining
2023-05-14,239241.0,3656.0,80985.71428571429,723.4285714285714,2023-05-01,99850.66666666667,-2257.5714285714203,Declining
2023-05-15,113112.0,348.0,79293.57142857143,721.2857142857143,2023-05-01,101834.96666666666,-1692.142857142855,Declining
2023-05-16,36499.0,970.0,77828.14285714286,830.0,2023-05-01,91606.1,-1465.4285714285797,Declining
2023-05-17,38225.0,144.0,77228.71428571429,821.0,2023-05-01,89113.9,-599.4285714285652,Declining
2023-05-18,34452.0,171.0,76742.85714285714,815.8571428571429,2023-05-01,88772.16666666667,-485.85714285714494,Declining
2023-05-19,30956.0,131.0,75536.14285714286,808.7142857142857,2023-05-01,87714.03333333334,-1206.7142857142899,Declining
2023-05-20,29373.0,213.0,74551.14285714286,804.7142857142857,2023-05-01,86594.4,-985.0,Declining
2023-05-21,89263.0,876.0,53125.71428571428,407.57142857142856,2023-05-01,87568.86666666667,-21425.428571428572,Declining
2023-05-22,120320.0,391.0,54155.42857142857,413.7142857142857,2023-05-01,89662.5,1029.7142857142899,Increasing
2023-05-23,32739.0,939.0,53618.28571428572,409.2857142857143,2023-05-01,79529.86666666667,-537.1428571428551,Declining
2023-05-24,34714.0,140.0,53116.71428571428,408.7142857142857,2023-05-01,76945.7,-501.5714285714348,Declining
2023-05-25,30147.0,209.0,52501.71428571428,414.14285714285717,2023-05-01,76561.23333333334,-615.0,Declining
2023-05-26,28546.0,88.0,52157.42857142857,408.0,2023-05-01,75504.33333333333,-344.2857142857101,Declining
2023-05-27,27242.0,155.0,51853.0,399.7142857142857,2023-05-01,74500.86666666667,-304.42857142857247,Declining
2023-05-28,73340.0,872.0,49578.28571428572,399.14285714285717,2023-05-01,75035.36666666667,-2274.7142857142826,Declining
2023-05-29,95562.0,313.0,46041.42857142857,388.0,2023-05-01,76354.63333333333,-3536.857142857145,Declining
2023-05-30,41869.0,812.0,47345.71428571428,369.85714285714283,2023-05-01,67756.83333333333,1304.2857142857101,Increasing
2023-05-31,31793.0,85.0,46928.42857142857,362.0,2023-05-01,65304.433333333334,-417.2857142857101,Declining
2023-06-01,33524.0,85.0,47410.857142857145,344.2857142857143,2023-06-01,65125.1,482.42857142857247,Increasing
2023-06-02,25989.0,141.0,47045.57142857143,351.85714285714283,2023-06-01,64110.26666666667,-365.2857142857174,Declining
2023-06-03,12574.0,181.0,44950.142857142855,355.57142857142856,2023-06-01,62496.46666666667,-2095.4285714285725,Declining
2023-06-04,48853.0,795.0,41452.0,344.57142857142856,2023-06-01,62383.4,-3498.142857142855,Declining
2023-06-05,104522.0,323.0,42732.0,346.0,2023-06-01,64518.6,1280.0,Increasing
2023-06-06,7966.0,761.0,37888.71428571428,338.7142857142857,2023-06-01,56282.666666666664,-4843.285714285717,Declining
2023-06-07,32635.0,98.0,38009.0,340.57142857142856,2023-06-01,53205.26666666667,120.2857142857174,Increasing
2023-06-08,22513.0,78.0,36436.0,339.57142857142856,2023-06-01,52397.13333333333,-1573.0,Declining
2023-06-09,25419.0,81.0,36354.57142857143,331.0,2023-06-01,51830.4,-81.42857142857247,Declining
2023-06-10,29591.0,128.0,38785.57142857143,323.42857142857144,2023-06-01,51555.0,2431.0,Increasing
2023-06-11,57944.0,925.0,40084.28571428572,342.0,2023-06-01,52173.03333333333,1298.7142857142899,Increasing
2023-06-12,81906.0,212.0,36853.42857142857,326.14285714285717,2023-06-01,53694.3,-3230.857142857145,Declining
2023-06-13,11117.0,713.0,37303.57142857143,319.2857142857143,2023-06-01,46090.166666666664,450.14285714285506,Increasing
2023-06-14,4642.0,53.0,33304.57142857143,312.85714285714283,2023-06-01,42474.5,-3999.0,Declining
2023-06-15,4149.0,68.0,30681.14285714286,311.42857142857144,2023-06-01,41396.166666666664,-2623.428571428569,Declining
2023-06-16,3882.0,62.0,27604.428571428572,308.7142857142857,2023-06-01,40251.4,-3076.7142857142862,Declining
2023-06-17,6820.0,125.0,24351.428571428572,308.2857142857143,2023-06-01,39330.333333333336,-3253.0,Declining
2023-06-18,30408.0,623.0,20417.714285714286,265.14285714285717,2023-06-01,39312.066666666666,-3933.7142857142862,Declining
2023-06-19,157578.0,205.0,31228.0,264.14285714285717,2023-06-01,43585.566666666666,10810.285714285714,Increasing
2023-06-20,5571.0,664.0,30435.714285714286,257.14285714285717,2023-06-01,40795.833333333336,-792.2857142857138,Declining
2023-06-21,3506.0,47.0,30273.428571428572,256.2857142857143,2023-06-01,36902.03333333333,-162.28571428571377,Declining
2023-06-22,3096.0,42.0,30123.0,252.57142857142858,2023-06-01,35913.933333333334,-150.42857142857247,Declining
2023-06-23,4479.0,40.0,30208.285714285714,249.42857142857142,2023-06-01,34906.1,85.28571428571377,Increasing
2023-06-24,4449.0,161.0,29869.571428571428,254.57142857142858,2023-06-01,34049.5,-338.71428571428623,Declining
2023-06-25,26358.0,409.0,29291.0,224.0,2023-06-01,33976.566666666666,-578.5714285714275,Declining
2023-06-26,151023.0,186.0,28354.571428571428,221.28571428571428,2023-06-01,38102.6,-936.4285714285725,Declining
2023-06-27,5023.0,623.0,28276.285714285714,215.42857142857142,2023-06-01,35825.36666666667,-78.28571428571377,Declining
2023-06-28,2528.0,36.0,28136.571428571428,213.85714285714286,2023-06-01,32724.233333333334,-139.71428571428623,Declining
2023-06-29,2418.0,34.0,28039.714285714286,212.71428571428572,2023-06-01,31409.2,-96.8571428571413,Declining
2023-06-30,2594.0,18.0,27770.428571428572,209.57142857142858,2023-06-01,30435.9,-269.28571428571377,Declining
2023-07-01,3336.0,73.0,27611.428571428572,197.0,2023-07-01,29429.633333333335,-159.0,Declining
2023-07-02,9564.0,171.0,25212.285714285714,163.0,2023-07-01,28882.133333333335,-2399.1428571428587,Declining
2023-07-03,160424.0,259.0,26555.285714285714,173.42857142857142,2023-07-01,33810.46666666667,1343.0,Increasing
2023-07-04,8868.0,570.0,27104.571428571428,165.85714285714286,2023-07-01,32477.633333333335,549.2857142857138,Increasing
2023-07-05,1771.0,25.0,26996.428571428572,164.28571428571428,2023-07-01,29052.6,-108.14285714285506,Declining
2023-07-06,1773.0,21.0,26904.285714285714,162.42857142857142,2023-07-01,28846.166666666668,-92.1428571428587,Declining
2023-07-07,1741.0,23.0,26782.428571428572,163.14285714285714,2023-07-01,27816.366666666665,-121.8571428571413,Declining
2023-07-08,2666.0,47.0,26686.714285714286,159.42857142857142,2023-07-01,27154.8,-95.71428571428623,Declining
2023-07-09,5684.0,125.0,26132.428571428572,152.85714285714286,2023-07-01,26496.966666666667,-554.2857142857138,Declining
2023-07-10,184208.0,138.0,29530.14285714286,135.57142857142858,2023-07-01,31650.866666666665,3397.7142857142862,Increasing
2023-07-11,3894.0,579.0,28819.571428571428,136.85714285714286,2023-07-01,29849.2,-710.5714285714312,Declining
2023-07-12,1959.0,33.0,28846.428571428572,138.0,2023-07-01,27184.3,26.857142857144936,Increasing
2023-07-13,1767.0,17.0,28845.571428571428,137.42857142857142,2023-07-01,26872.633333333335,-0.857142857144936,Declining
2023-07-14,1778.0,18.0,28850.85714285714,136.71428571428572,2023-07-01,26777.166666666668,5.285714285713766,Increasing
2023-07-15,2201.0,50.0,28784.428571428572,137.14285714285714,2023-07-01,26712.233333333334,-66.42857142856883,Declining
2023-07-16,5763.0,97.0,28795.714285714286,133.14285714285714,2023-07-01,26774.933333333334,11.285714285713766,Increasing
2023-07-17,231312.0,218.0,35524.857142857145,144.57142857142858,2023-07-01,34258.0,6729.142857142859,Increasing
2023-07-18,3760.0,623.0,35505.71428571428,150.85714285714286,2023-07-01,33369.73333333333,-19.14285714286234,Declining
2023-07-19,2024.0,26.0,35515.0,149.85714285714286,2023-07-01,28184.6,9.285714285717404,Increasing
2023-07-20,1928.0,25.0,35538.0,151.0,2023-07-01,28063.166666666668,23.0,Increasing
2023-07-21,1971.0,20.0,35565.57142857143,151.28571428571428,2023-07-01,28012.0,27.571428571427532,Increasing
2023-07-22,2553.0,23.0,35615.857142857145,147.42857142857142,2023-07-01,27993.9,50.285714285717404,Increasing
2023-07-23,6601.0,83.0,35735.57142857143,145.42857142857142,2023-07-01,28064.633333333335,119.7142857142826,Increasing
2023-07-24,291451.0,234.0,44326.857142857145,147.71428571428572,2023-07-01,37631.36666666667,8591.285714285717,Increasing
2023-07-25,7119.0,661.0,44806.71428571428,153.14285714285714,2023-07-01,36990.066666666666,479.85714285713766,Increasing
2023-07-26,2275.0,20.0,44842.57142857143,152.28571428571428,2023-07-01,32031.8,35.857142857144936,Increasing
2023-07-27,2159.0,20.0,44875.57142857143,151.57142857142858,2023-07-01,31936.333333333332,33.0,Increasing
2023-07-28,2199.0,30.0,44908.142857142855,153.0,2023-07-01,31925.366666666665,32.57142857142753,Increasing
2023-07-29,2730.0,29.0,44933.42857142857,153.85714285714286,2023-07-01,31935.766666666666,25.285714285717404,Increasing
2023-07-30,9089.0,109.0,45288.857142857145,157.57142857142858,2023-07-01,32152.266666666666,355.42857142857247,Increasing
2023-07-31,337502.0,307.0,51867.57142857143,168.0,2023-07-01,43291.13333333333,6578.714285714283,Increasing
2023-08-01,339811.0,778.0,99395.0,184.71428571428572,2023-08-01,54299.36666666667,47527.42857142857,Increasing
2023-08-02,3028.0,237.0,99502.57142857143,215.71428571428572,2023-08-01,49052.833333333336,107.57142857143481,Increasing
2023-08-03,2886.0,38.0,99606.42857142857,218.28571428571428,2023-08-01,48853.433333333334,103.85714285713038,Increasing
2023-08-04,3127.0,39.0,99739.0,219.57142857142858,2023-08-01,48898.63333333333,132.5714285714348,Increasing
2023-08-05,3446.0,39.0,99841.28571428571,221.0,2023-08-01,48954.4,102.28571428571013,Increasing
2023-08-06,11868.0,130.0,100238.28571428571,224.0,2023-08-01,49291.96666666667,397.0,Increasing
2023-08-07,36900.0,118.0,57295.142857142855,197.0,2023-08-01,50433.1,-42943.142857142855,Declining
2023-08-08,71153.0,928.0,18915.428571428572,218.42857142857142,2023-08-01,52615.4,-38379.71428571428,Declining
2023-08-09,3300.0,43.0,18954.285714285714,190.71428571428572,2023-08-01,46585.13333333333,38.8571428571413,Increasing
2023-08-10,3029.0,31.0,18974.714285714286,189.71428571428572,2023-08-01,46556.3,20.428571428572468,Increasing
2023-08-11,3290.0,36.0,18998.0,189.28571428571428,2023-08-01,46600.666666666664,23.285714285713766,Increasing
2023-08-12,3777.0,67.0,19045.285714285714,193.28571428571428,2023-08-01,46667.666666666664,47.285714285713766,Increasing
2023-08-13,12663.0,130.0,19158.85714285714,193.28571428571428,2023-08-01,47030.5,113.57142857142753,Increasing
2023-08-14,301251.0,293.0,56923.28571428572,218.28571428571428,2023-08-01,56998.833333333336,37764.42857142858,Increasing
2023-08-15,10446.0,1056.0,48250.857142857145,236.57142857142858,2023-08-01,57154.933333333334,-8672.428571428572,Declining
2023-08-16,3713.0,39.0,48309.857142857145,236.0,2023-08-01,49568.3,59.0,Increasing
2023-08-17,2991.0,40.0,48304.42857142857,237.28571428571428,2023-08-01,49542.666666666664,-5.428571428572468,Declining
2023-08-18,4127.0,51.0,48424.0,239.42857142857142,2023-08-01,49612.76666666667,119.57142857142753,Increasing
2023-08-19,5213.0,64.0,48629.142857142855,239.0,2023-08-01,49722.26666666667,205.14285714285506,Increasing
2023-08-20,15943.0,139.0,49097.71428571428,240.28571428571428,2023-08-01,50188.0,468.57142857142753,Increasing
2023-08-21,304165.0,286.0,49514.0,239.28571428571428,2023-08-01,60241.73333333333,416.2857142857174,Increasing
2023-08-22,10912.0,1334.0,49580.57142857143,279.0,2023-08-01,60385.433333333334,66.57142857142753,Increasing
2023-08-23,5752.0,51.0,49871.857142857145,280.7142857142857,2023-08-01,50862.13333333333,291.2857142857174,Increasing
2023-08-24,5231.0,49.0,50191.857142857145,282.0,2023-08-01,50799.2,320.0,Increasing
2023-08-25,4734.0,46.0,50278.57142857143,281.2857142857143,2023-08-01,50881.166666666664,86.7142857142826,Increasing
2023-08-26,5665.0,67.0,50343.142857142855,281.7142857142857,2023-08-01,50998.03333333333,64.57142857142753,Increasing
2023-08-27,20399.0,190.0,50979.71428571428,289.0,2023-08-01,51604.7,636.5714285714275,Increasing
2023-08-28,278856.0,114.0,47364.142857142855,264.42857142857144,2023-08-01,60808.9,-3615.5714285714275,Declining
2023-08-29,12057.0,1332.0,47527.71428571428,264.14285714285717,2023-08-01,60907.833333333336,163.57142857142753,Increasing
2023-08-30,6338.0,52.0,47611.42857142857,264.2857142857143,2023-08-01,49869.03333333333,83.71428571428987,Increasing
2023-08-31,5615.0,59.0,47666.28571428572,265.7142857142857,2023-08-01,38729.166666666664,54.857142857144936,Increasing
2023-09-01,5820.0,59.0,47821.42857142857,267.57142857142856,2023-09-01,38822.23333333333,155.14285714285506,Increasing
2023-09-02,6664.0,147.0,47964.142857142855,279.0,2023-09-01,38948.166666666664,142.7142857142826,Increasing
2023-09-03,24767.0,161.0,48588.142857142855,274.85714285714283,2023-09-01,39669.5,624.0,Increasing
2023-09-04,155100.0,272.0,30908.714285714286,297.42857142857144,2023-09-01,44724.63333333333,-17679.42857142857,Declining
2023-09-05,15558.0,1493.0,31408.85714285714,320.42857142857144,2023-09-01,44847.63333333333,500.14285714285506,Increasing
2023-09-06,9295.0,51.0,31831.285714285714,320.2857142857143,2023-09-01,43927.46666666667,422.42857142857247,Increasing
2023-09-07,8044.0,79.0,32178.285714285714,323.14285714285717,2023-09-01,41823.833333333336,347.0,Increasing
2023-09-08,7536.0,82.0,32423.428571428572,326.42857142857144,2023-09-01,41965.03333333333,245.1428571428587,Increasing
2023-09-09,8478.0,60.0,32682.571428571428,314.0,2023-09-01,42146.666666666664,259.14285714285506,Increasing
2023-09-10,29194.0,240.0,33315.0,325.2857142857143,2023-09-01,43010.13333333333,632.4285714285725,Increasing
2023-09-11,24974.0,164.0,14725.57142857143,309.85714285714283,2023-09-01,43716.7,-18589.428571428572,Declining
2023-09-12,19541.0,1598.0,15294.57142857143,324.85714285714283,2023-09-01,43945.96666666667,569.0,Increasing
2023-09-13,12463.0,62.0,15747.142857142857,326.42857142857144,2023-09-01,34319.7,452.57142857142753,Increasing
2023-09-14,9898.0,74.0,16012.0,325.7142857142857,2023-09-01,34301.433333333334,264.8571428571431,Increasing
2023-09-15,8965.0,73.0,16216.142857142857,324.42857142857144,2023-09-01,34476.5,204.14285714285688,Increasing
2023-09-16,8962.0,77.0,16285.285714285714,326.85714285714283,2023-09-01,34675.53333333333,69.14285714285688,Increasing
2023-09-17,35773.0,227.0,17225.14285714286,325.0,2023-09-01,35730.4,939.8571428571449,Increasing
2023-09-18,23978.0,156.0,17082.85714285714,323.85714285714283,2023-09-01,36355.9,-142.2857142857174,Declining
2023-09-19,26196.0,1617.0,18033.571428571428,326.57142857142856,2023-09-01,36697.666666666664,950.7142857142862,Increasing
2023-09-20,12966.0,81.0,18105.428571428572,329.2857142857143,2023-09-01,26991.033333333333,71.85714285714494,Increasing
2023-09-21,10574.0,79.0,18202.0,330.0,2023-09-01,26979.766666666666,96.57142857142753,Increasing
2023-09-22,10920.0,86.0,18481.285714285714,331.85714285714283,2023-09-01,27152.033333333333,279.28571428571377,Increasing
2023-09-23,9831.0,67.0,18605.428571428572,330.42857142857144,2023-09-01,27305.366666666665,124.1428571428587,Increasing
2023-09-24,42389.0,267.0,19550.571428571428,336.14285714285717,2023-09-01,28560.533333333333,945.1428571428551,Increasing
2023-09-25,34493.0,155.0,21052.714285714286,336.0,2023-09-01,29521.466666666667,1502.1428571428587,Increasing
2023-09-26,31479.0,1724.0,21807.428571428572,351.2857142857143,2023-09-01,29890.8,754.7142857142862,Increasing
2023-09-27,13618.0,76.0,21900.571428571428,350.57142857142856,2023-09-01,21049.533333333333,93.14285714285506,Increasing
2023-09-28,12216.0,87.0,22135.14285714286,351.7142857142857,2023-09-01,21054.833333333332,234.57142857143117,Increasing
2023-09-29,12083.0,87.0,22301.285714285714,351.85714285714283,2023-09-01,21246.333333333332,166.14285714285506,Increasing
2023-09-30,11437.0,135.0,22530.714285714286,361.57142857142856,2023-09-01,21440.4,229.42857142857247,Increasing
2023-10-01,42163.0,263.0,22498.428571428572,361.0,2023-10-01,22651.833333333332,-32.285714285713766,Declining
2023-10-02,40498.0,308.0,23356.285714285714,382.85714285714283,2023-10-01,23779.633333333335,857.8571428571413,Increasing
2023-10-03,34524.0,1685.0,23791.285714285714,377.2857142857143,2023-10-01,24104.866666666665,435.0,Increasing
2023-10-04,16199.0,88.0,24160.0,379.0,2023-10-01,19474.833333333332,368.71428571428623,Increasing
2023-10-05,13276.0,81.0,24311.428571428572,378.14285714285717,2023-10-01,19398.766666666666,151.42857142857247,Increasing
2023-10-06,11875.0,108.0,24281.714285714286,381.14285714285717,2023-10-01,19484.766666666666,-29.714285714286234,Declining
2023-10-07,10930.0,102.0,24209.285714285714,376.42857142857144,2023-10-01,19580.966666666667,-72.42857142857247,Declining
2023-10-08,39849.0,300.0,23878.714285714286,381.7142857142857,2023-10-01,20658.066666666666,-330.57142857142753,Declining
2023-10-09,35182.0,204.0,23119.285714285714,366.85714285714283,2023-10-01,21548.2,-759.4285714285725,Declining
2023-10-10,33530.0,1572.0,22977.285714285714,350.7142857142857,2023-10-01,21692.733333333334,-142.0,Declining
2023-10-11,13604.0,100.0,22606.571428571428,352.42857142857144,2023-10-01,21313.733333333334,-370.71428571428623,Declining
2023-10-12,11983.0,108.0,22421.85714285714,356.2857142857143,2023-10-01,21061.8,-184.71428571428623,Declining
2023-10-13,10525.0,114.0,22229.0,357.14285714285717,2023-10-01,20997.2,-192.8571428571413,Declining
2023-10-14,9040.0,107.0,21959.0,357.85714285714283,2023-10-01,20968.6,-270.0,Declining
2023-10-15,37240.0,362.0,21586.285714285714,366.7142857142857,2023-10-01,21911.1,-372.71428571428623,Declining
2023-10-16,34756.0,258.0,21525.428571428572,374.42857142857144,2023-10-01,22770.9,-60.8571428571413,Declining
2023-10-17,35601.0,1698.0,21821.285714285714,392.42857142857144,2023-10-01,22765.166666666668,295.8571428571413,Increasing
2023-10-18,11398.0,126.0,21506.14285714286,396.14285714285717,2023-10-01,22345.833333333332,-315.14285714285506,Declining
2023-10-19,9026.0,105.0,21083.714285714286,395.7142857142857,2023-10-01,21773.5,-422.42857142857247,Declining
2023-10-20,8485.0,128.0,20792.285714285714,397.7142857142857,2023-10-01,21624.133333333335,-291.42857142857247,Declining
2023-10-21,9183.0,1376.0,20812.714285714286,579.0,2023-10-01,21577.766666666666,20.428571428572468,Increasing
2023-10-22,32221.0,363.0,20095.714285714286,579.1428571428571,2023-10-01,22287.8,-717.0,Declining
2023-10-23,34398.0,180.0,20044.571428571428,568.0,2023-10-01,23106.7,-51.1428571428587,Declining
2023-10-24,42339.0,1532.0,21007.14285714286,544.2857142857143,2023-10-01,23105.033333333333,962.5714285714312,Increasing
2023-10-25,11393.0,36.0,21006.428571428572,531.4285714285714,2023-10-01,22335.033333333333,-0.714285714286234,Declining
2023-10-26,9534.0,56.0,21079.0,524.4285714285714,2023-10-01,21603.533333333333,72.57142857142753,Increasing
2023-10-27,8441.0,51.0,21072.714285714286,513.4285714285714,2023-10-01,21430.966666666667,-6.285714285713766,Declining
2023-10-28,8416.0,47.0,20963.14285714286,323.57142857142856,2023-10-01,21304.3,-109.57142857142753,Declining
2023-10-29,27780.0,270.0,20328.714285714286,310.2857142857143,2023-10-01,21827.533333333333,-634.4285714285725,Declining
2023-10-30,135828.0,878.0,34818.71428571428,410.0,2023-10-01,25973.9,14489.999999999996,Increasing
2023-10-31,10185.0,1394.0,30225.285714285714,390.2857142857143,2023-10-01,24907.966666666667,-4593.428571428569,Declining
2023-11-01,1020.0,3.0,28743.428571428572,385.57142857142856,2023-11-01,23592.033333333333,-1481.8571428571413,Declining
2023-11-02,1016.0,26.0,27526.571428571428,381.2857142857143,2023-11-01,22475.1,-1216.857142857145,Declining
2023-11-03,704.0,0.0,26421.285714285714,374.0,2023-11-01,21958.6,-1105.2857142857138,Declining
2023-11-04,1263.0,1.0,25399.428571428572,367.42857142857144,2023-11-01,21558.166666666668,-1021.8571428571413,Declining
2023-11-05,3030.0,70.0,21863.714285714286,338.85714285714283,2023-11-01,21263.333333333332,-3535.7142857142862,Declining
2023-11-06,153560.0,1114.0,24396.85714285714,372.57142857142856,2023-11-01,26017.666666666668,2533.142857142855,Increasing
2023-11-07,11021.0,1548.0,24516.285714285714,394.57142857142856,2023-11-01,25056.733333333334,119.42857142857247,Increasing
2023-11-08,822.0,6.0,24488.0,395.0,2023-11-01,23911.4,-28.285714285713766,Declining
2023-11-09,888.0,0.0,24469.714285714286,391.2857142857143,2023-11-01,22823.333333333332,-18.285714285713766,Declining
2023-11-10,734.0,2.0,24474.0,391.57142857142856,2023-11-01,22394.333333333332,4.285714285713766,Increasing
2023-11-11,1118.0,2.0,24453.285714285714,391.7142857142857,2023-11-01,22032.166666666668,-20.714285714286234,Declining
2023-11-12,2558.0,39.0,24385.85714285714,387.2857142857143,2023-11-01,21766.6,-67.42857142857247,Declining
2023-11-13,184649.0,1107.0,28827.14285714286,386.2857142857143,2023-11-01,27620.233333333334,4441.285714285717,Increasing
2023-11-14,12010.0,1603.0,28968.428571428572,394.14285714285717,2023-11-01,26779.233333333334,141.28571428571377,Increasing
2023-11-15,865.0,3.0,28974.571428571428,393.7142857142857,2023-11-01,25649.533333333333,6.142857142855064,Increasing
2023-11-16,948.0,1.0,28983.14285714286,393.85714285714283,2023-11-01,24494.433333333334,8.57142857143117,Increasing
2023-11-17,827.0,1.0,28996.428571428572,393.7142857142857,2023-11-01,24142.066666666666,13.285714285713766,Increasing
2023-11-18,1252.0,3.0,29015.571428571428,393.85714285714283,2023-11-01,23882.933333333334,19.142857142855064,Increasing
2023-11-19,2840.0,30.0,29055.85714285714,392.57142857142856,2023-11-01,23694.766666666666,40.285714285713766,Increasing
2023-11-20,216502.0,1080.0,33606.28571428572,388.7142857142857,2023-11-01,30605.4,4550.428571428576,Increasing
2023-11-21,12360.0,1593.0,33656.28571428572,387.2857142857143,2023-11-01,29943.366666666665,50.0,Increasing
2023-11-22,77.0,1.0,33543.71428571428,387.0,2023-11-01,28799.333333333332,-112.57142857143481,Declining
2023-11-23,227.0,0.0,33440.71428571428,386.85714285714283,2023-11-01,27395.6,-103.0,Declining
2023-11-24,134.0,2.0,33341.71428571428,387.0,2023-11-01,27020.3,-99.0,Declining
2023-11-25,860.0,3.0,33285.71428571428,387.0,2023-11-01,26731.166666666668,-56.0,Declining
2023-11-26,3977.0,28.0,33448.142857142855,386.7142857142857,2023-11-01,26582.366666666665,162.42857142857247,Increasing
2023-11-27,263075.0,1296.0,40101.42857142857,417.57142857142856,2023-11-01,35071.0,6653.285714285717,Increasing
2023-11-28,10116.0,1910.0,39780.857142857145,462.85714285714283,2023-11-01,34482.2,-320.57142857142753,Declining
2023-11-29,138.0,0.0,39789.57142857143,462.7142857142857,2023-11-01,29959.2,8.714285714282596,Increasing
2023-11-30,242.0,2.0,39791.71428571428,463.0,2023-11-01,29627.766666666666,2.142857142855064,Increasing
2023-12-01,171.0,0.0,39797.0,462.7142857142857,2023-12-01,29599.466666666667,5.285714285717404,Increasing
2023-12-02,794.0,14.0,39787.57142857143,464.2857142857143,2023-12-01,29592.066666666666,-9.428571428572468,Declining
2023-12-03,7184.0,26.0,40245.71428571428,464.0,2023-12-01,29808.066666666666,458.14285714285506,Increasing
2023-12-04,306828.0,1429.0,46496.142857142855,483.0,2023-12-01,39993.566666666666,6250.4285714285725,Increasing
2023-12-05,9778.0,1942.0,46447.857142857145,487.57142857142856,2023-12-01,40218.5,-48.28571428571013,Declining
2023-12-06,375.0,1.0,46481.71428571428,487.7142857142857,2023-12-01,35112.333333333336,33.85714285713766,Increasing
2023-12-07,220.0,3.0,46478.57142857143,487.85714285714283,2023-12-01,34752.3,-3.142857142855064,Declining
2023-12-08,616.0,3.0,46542.142857142855,488.2857142857143,2023-12-01,34745.433333333334,63.57142857142753,Increasing
2023-12-09,975.0,5.0,46568.0,487.0,2023-12-01,34748.333333333336,25.857142857144936,Increasing
2023-12-10,13876.0,24.0,47524.0,486.7142857142857,2023-12-01,35186.4,956.0,Increasing
2023-12-11,347883.0,1536.0,53389.0,502.0,2023-12-01,46745.23333333333,5865.0,Increasing
2023-12-12,9121.0,1972.0,53295.142857142855,506.2857142857143,2023-12-01,46964.0,-93.85714285714494,Declining
2023-12-13,262.0,1.0,53279.0,506.2857142857143,2023-12-01,40817.76666666667,-16.142857142855064,Declining
2023-12-14,1027.0,2.0,53394.28571428572,506.14285714285717,2023-12-01,40451.666666666664,115.2857142857174,Increasing
2023-12-15,718.0,3.0,53408.857142857145,506.14285714285717,2023-12-01,40446.76666666667,14.571428571427532,Increasing
2023-12-16,1329.0,8.0,53459.42857142857,506.57142857142856,2023-12-01,40459.46666666667,50.57142857142753,Increasing
2023-12-17,21435.0,40.0,54539.28571428572,508.85714285714283,2023-12-01,41146.4,1079.857142857145,Increasing
2023-12-18,320040.0,1442.0,50561.71428571428,495.42857142857144,2023-12-01,51772.666666666664,-3977.571428571435,Declining
2023-12-19,10436.0,2057.0,50749.57142857143,507.57142857142856,2023-12-01,52025.86666666667,187.85714285714494,Increasing
2023-12-20,1111.0,7.0,50870.857142857145,508.42857142857144,2023-12-01,44846.166666666664,121.2857142857174,Increasing
2023-12-21,1245.0,19.0,50902.0,510.85714285714283,2023-12-01,44475.666666666664,31.142857142855064,Increasing
2023-12-22,1125.0,7.0,50960.142857142855,511.42857142857144,2023-12-01,44510.6,58.142857142855064,Increasing
2023-12-23,1693.0,14.0,51012.142857142855,512.2857142857143,2023-12-01,44559.46666666667,52.0,Increasing
2023-12-24,27155.0,34.0,51829.28571428572,511.42857142857144,2023-12-01,45460.166666666664,817.1428571428623,Increasing
2023-12-25,227285.0,1338.0,38578.57142857143,496.57142857142856,2023-12-01,53007.666666666664,-13250.71428571429,Declining
2023-12-26,11205.0,2399.0,38688.42857142857,545.4285714285714,2023-12-01,53248.6,109.85714285714494,Increasing
2023-12-27,879.0,5.0,38655.28571428572,545.1428571428571,2023-12-01,44508.73333333333,-33.142857142855064,Declining
2023-12-28,1392.0,7.0,38676.28571428572,543.4285714285714,2023-12-01,44217.933333333334,21.0,Increasing
2023-12-29,1248.0,9.0,38693.857142857145,543.7142857142857,2023-12-01,44254.933333333334,17.571428571427532,Increasing
2023-12-30,1708.0,12.0,38696.0,543.4285714285714,2023-12-01,44303.8,2.142857142855064,Increasing
2023-12-31,21929.0,43.0,37949.42857142857,544.7142857142857,2023-12-01,45029.066666666666,-746.5714285714275,Declining
2024-01-01,171944.0,1386.0,30043.571428571428,551.5714285714286,2024-01-01,50734.066666666666,-7905.857142857145,Declining
2024-01-02,22538.0,2714.0,31662.571428571428,596.5714285714286,2024-01-01,51245.86666666667,1619.0,Increasing
2024-01-03,1023.0,9.0,31683.14285714286,597.1428571428571,2024-01-01,41052.36666666667,20.57142857143117,Increasing
2024-01-04,1634.0,7.0,31717.714285714286,597.1428571428571,2024-01-01,40780.9,34.57142857142753,Increasing
2024-01-05,1331.0,14.0,31729.571428571428,597.8571428571429,2024-01-01,40812.76666666667,11.857142857141298,Increasing
2024-01-06,1855.0,9.0,31750.571428571428,597.4285714285714,2024-01-01,40867.26666666667,21.0,Increasing
2024-01-07,1310.0,72.0,28805.0,601.5714285714286,2024-01-01,40890.4,-2945.5714285714275,Declining
2024-01-08,150743.0,1111.0,25776.285714285714,562.2857142857143,2024-01-01,45882.666666666664,-3028.7142857142862,Declining
2024-01-09,20875.0,2861.0,25538.714285714286,583.2857142857143,2024-01-01,46115.96666666667,-237.57142857142753,Declining
2024-01-10,933.0,7.0,25525.85714285714,583.0,2024-01-01,34550.96666666667,-12.857142857144936,Declining
2024-01-11,1551.0,9.0,25514.0,583.2857142857143,2024-01-01,34298.63333333333,-11.857142857141298,Declining
2024-01-12,1126.0,6.0,25484.714285714286,582.1428571428571,2024-01-01,34327.433333333334,-29.285714285713766,Declining
2024-01-13,1456.0,8.0,25427.714285714286,582.0,2024-01-01,34341.73333333333,-57.0,Declining
2024-01-14,13298.0,25.0,27140.285714285714,575.2857142857143,2024-01-01,34761.066666666666,1712.5714285714275,Increasing
2024-01-15,103518.0,976.0,20393.85714285714,556.0,2024-01-01,38167.36666666667,-6746.4285714285725,Declining
2024-01-16,20789.0,2575.0,20381.571428571428,515.1428571428571,2024-01-01,38145.833333333336,-12.285714285713766,Declining
2024-01-17,535.0,6.0,20324.714285714286,515.0,2024-01-01,27495.666666666668,-56.8571428571413,Declining
2024-01-18,1083.0,5.0,20257.85714285714,514.4285714285714,2024-01-01,27183.9,-66.85714285714494,Declining
2024-01-19,832.0,4.0,20215.85714285714,514.1428571428571,2024-01-01,27174.6,-42.0,Declining
2024-01-20,1323.0,19.0,20196.85714285714,515.7142857142857,2024-01-01,27177.2,-19.0,Declining
2024-01-21,9168.0,35.0,19606.85714285714,517.1428571428571,2024-01-01,27445.3,-590.0,Declining
2024-01-22,86131.0,634.0,17123.0,468.2857142857143,2024-01-01,30259.9,-2483.8571428571413,Declining
2024-01-23,22176.0,2329.0,17321.14285714286,433.14285714285717,2024-01-01,30093.933333333334,198.1428571428587,Increasing
2024-01-24,358.0,5.0,17295.85714285714,433.0,2024-01-01,22529.7,-25.285714285717404,Declining
2024-01-25,815.0,2.0,17257.571428571428,432.57142857142856,2024-01-01,22183.366666666665,-38.285714285713766,Declining
2024-01-26,629.0,4.0,17228.571428571428,432.57142857142856,2024-01-01,22175.033333333333,-29.0,Declining
2024-01-27,1213.0,19.0,17212.85714285714,432.57142857142856,2024-01-01,22169.066666666666,-15.714285714286234,Declining
2024-01-28,5054.0,18.0,16625.14285714286,430.14285714285717,2024-01-01,22295.933333333334,-587.7142857142826,Declining
2024-01-29,72535.0,511.0,14682.857142857143,412.57142857142856,2024-01-01,24656.833333333332,-1942.2857142857156,Declining
2024-01-30,22008.0,1918.0,14658.857142857143,353.85714285714283,2024-01-01,24659.466666666667,-24.0,Declining
2024-01-31,285.0,3.0,14648.42857142857,353.57142857142856,2024-01-01,18937.5,-10.428571428572468,Declining
2024-02-01,834.0,7.0,14651.142857142857,354.2857142857143,2024-02-01,18214.033333333333,2.714285714286234,Increasing
2024-02-02,724.0,3.0,14664.714285714286,354.14285714285717,2024-02-01,18204.066666666666,13.571428571429351,Increasing
2024-02-03,1058.0,12.0,14642.57142857143,353.14285714285717,2024-02-01,18184.866666666665,-22.142857142856883,Declining
2024-02-04,3262.0,32.0,14386.57142857143,355.14285714285717,2024-02-01,18249.233333333334,-256.0,Declining
2024-02-05,67561.0,447.0,13676.0,346.0,2024-02-01,20439.433333333334,-710.5714285714294,Declining
2024-02-06,17180.0,1781.0,12986.285714285714,326.42857142857144,2024-02-01,20968.433333333334,-689.7142857142862,Declining
2024-02-07,195.0,3.0,12973.42857142857,326.42857142857144,2024-02-01,15950.166666666666,-12.857142857143117,Declining
2024-02-08,769.0,1.0,12964.142857142857,325.57142857142856,2024-02-01,15279.966666666667,-9.285714285713766,Declining
2024-02-09,51.0,1.0,12868.0,325.2857142857143,2024-02-01,15250.566666666668,-96.14285714285688,Declining
2024-02-10,837.0,8.0,12836.42857142857,324.7142857142857,2024-02-01,15226.766666666666,-31.57142857142935,Declining
2024-02-11,2385.0,12.0,12711.142857142857,321.85714285714283,2024-02-01,15268.733333333334,-125.28571428571377,Declining
2024-02-12,59871.0,278.0,11612.57142857143,297.7142857142857,2024-02-01,17215.9,-1098.5714285714275,Declining
2024-02-13,15611.0,1538.0,11388.42857142857,263.0,2024-02-01,17293.0,-224.1428571428587,Declining
2024-02-14,161.0,1.0,11383.57142857143,262.7142857142857,2024-02-01,13847.766666666666,-4.857142857141298,Declining
2024-02-15,903.0,1.0,11402.714285714286,262.7142857142857,2024-02-01,13184.9,19.142857142856883,Increasing
2024-02-16,216.0,3.0,11426.285714285714,263.0,2024-02-01,13174.266666666666,23.571428571427532,Increasing
2024-02-17,732.0,8.0,11411.285714285714,263.0,2024-02-01,13162.566666666668,-15.0,Declining
2024-02-18,1350.0,28.0,11263.42857142857,265.2857142857143,2024-02-01,13179.833333333334,-147.85714285714312,Declining
2024-02-19,54914.0,269.0,10555.285714285714,264.0,2024-02-01,14966.2,-708.1428571428569,Declining
2024-02-20,16339.0,1456.0,10659.285714285714,252.28571428571428,2024-02-01,15205.233333333334,104.0,Increasing
2024-02-21,201.0,2.0,10665.0,252.42857142857142,2024-02-01,12340.9,5.714285714286234,Increasing
2024-02-22,1569.0,2.0,10760.142857142857,252.57142857142858,2024-02-01,11654.0,95.14285714285688,Increasing
2024-02-23,1363.0,1.0,10924.0,252.28571428571428,2024-02-01,11687.5,163.85714285714312,Increasing
2024-02-24,726.0,4.0,10923.142857142857,251.71428571428572,2024-02-01,11684.533333333333,-0.857142857143117,Declining
2024-02-25,1550.0,40.0,10951.714285714286,253.42857142857142,2024-02-01,11715.233333333334,28.57142857142935,Increasing
2024-02-26,51309.0,234.0,10436.714285714286,248.42857142857142,2024-02-01,13385.1,-515.0,Declining
2024-02-27,15989.0,1405.0,10386.714285714286,241.14285714285714,2024-02-01,13749.6,-50.0,Declining
2024-02-28,228.0,1.0,10390.57142857143,241.0,2024-02-01,11339.366666666667,3.857142857143117,Increasing
2024-02-29,1574.0,5.0,10391.285714285714,241.42857142857142,2024-02-01,10658.233333333334,0.714285714284415,Increasing
2024-03-01,828.0,35.0,10314.857142857143,246.28571428571428,2024-03-01,10676.333333333334,-76.42857142857065,Declining
2024-03-02,689.0,4.0,10309.57142857143,246.28571428571428,2024-03-01,10671.5,-5.285714285713766,Declining
2024-03-03,1370.0,26.0,10283.857142857143,244.28571428571428,2024-03-01,10693.033333333333,-25.714285714286234,Declining
2024-03-04,43232.0,198.0,9130.0,239.14285714285714,2024-03-01,12098.833333333334,-1153.8571428571431,Declining
2024-03-05,12963.0,1231.0,8697.714285714286,214.28571428571428,2024-03-01,12422.2,-432.28571428571377,Declining
2024-03-06,271.0,0.0,8703.857142857143,214.14285714285714,2024-03-01,10179.2,6.142857142856883,Increasing
2024-03-07,1554.0,5.0,8701.0,214.14285714285714,2024-03-01,9658.333333333334,-2.857142857143117,Declining
2024-03-08,1466.0,2.0,8792.142857142857,209.42857142857142,2024-03-01,9700.7,91.14285714285688,Increasing
2024-03-09,712.0,7.0,8795.42857142857,209.85714285714286,2024-03-01,9698.8,3.285714285713766,Increasing
2024-03-10,792.0,18.0,8712.857142857143,208.71428571428572,2024-03-01,9723.5,-82.57142857142753,Declining
2024-03-11,40117.0,188.0,8267.857142857143,207.28571428571428,2024-03-01,11032.833333333334,-445.0,Declining
2024-03-12,12607.0,1139.0,8217.0,194.14285714285714,2024-03-01,11373.566666666668,-50.85714285714312,Declining
2024-03-13,232.0,2.0,8211.42857142857,194.42857142857142,2024-03-01,9385.6,-5.571428571429351,Declining
2024-03-14,1691.0,1.0,8231.0,193.85714285714286,2024-03-01,8921.6,19.57142857142935,Increasing
2024-03-15,1525.0,1.0,8239.42857142857,193.71428571428572,2024-03-01,8967.066666666668,8.428571428570649,Increasing
2024-03-16,1027.0,9.0,8284.42857142857,194.0,2024-03-01,8971.2,45.0,Increasing
2024-03-17,824.0,4.0,8289.0,192.0,2024-03-01,8991.466666666667,4.571428571429351,Increasing
2024-03-18,37728.0,229.0,7947.714285714285,197.85714285714286,2024-03-01,10224.666666666666,-341.2857142857147,Declining
2024-03-19,8773.0,957.0,7400.0,171.85714285714286,2024-03-01,10472.1,-547.7142857142853,Declining
2024-03-20,240.0,2.0,7401.142857142857,171.85714285714286,2024-03-01,8649.633333333333,1.142857142856883,Increasing
2024-03-21,1452.0,38.0,7367.0,177.14285714285714,2024-03-01,8153.4,-34.14285714285688,Declining
2024-03-22,1028.0,2.0,7296.0,177.28571428571428,2024-03-01,8180.966666666666,-71.0,Declining
2024-03-23,853.0,7.0,7271.142857142857,177.0,2024-03-01,8157.1,-24.857142857143117,Declining
2024-03-24,742.0,28.0,7259.428571428572,180.42857142857142,2024-03-01,8136.4,-11.714285714285325,Declining
2024-03-25,106053.0,171.0,17020.14285714286,172.14285714285714,2024-03-01,11647.3,9760.714285714286,Increasing
2024-03-26,4697.0,802.0,16437.85714285714,150.0,2024-03-01,11752.2,-582.2857142857174,Declining
2024-03-27,105.0,0.0,16418.571428571428,149.71428571428572,2024-03-01,10045.4,-19.285714285713766,Declining
2024-03-28,1099.0,3.0,16368.142857142857,144.71428571428572,2024-03-01,9549.066666666668,-50.42857142857065,Declining
2024-03-29,652.0,4.0,16314.42857142857,145.0,2024-03-01,9563.2,-53.714285714286234,Declining
2024-03-30,872.0,6.0,16317.142857142857,144.85714285714286,2024-03-01,9539.8,2.714285714286234,Increasing
2024-03-31,588.0,20.0,16295.142857142857,143.71428571428572,2024-03-01,9531.8,-22.0,Declining
2024-04-01,33713.0,176.0,5960.857142857143,144.42857142857142,2024-04-01,10632.6,-10334.285714285714,Declining
2024-04-02,3632.0,700.0,5808.714285714285,129.85714285714286,2024-04-01,10708.0,-152.1428571428578,Declining
2024-04-03,127.0,2.0,5811.857142857143,130.14285714285714,2024-04-01,9271.166666666666,3.1428571428577925,Increasing
2024-04-04,838.0,2.0,5774.571428571428,130.0,2024-04-01,8867.0,-37.285714285714675,Declining
2024-04-05,494.0,3.0,5752.0,129.85714285714286,2024-04-01,8874.433333333332,-22.57142857142844,Declining
2024-04-06,918.0,4.0,5758.571428571428,129.57142857142858,2024-04-01,8853.233333333334,6.5714285714284415,Increasing
2024-04-07,694.0,20.0,5773.714285714285,129.57142857142858,2024-04-01,8827.5,15.142857142856883,Increasing
2024-04-08,31845.0,167.0,5506.857142857143,128.28571428571428,2024-04-01,9865.266666666666,-266.8571428571422,Declining
2024-04-09,5146.0,656.0,5723.142857142857,122.0,2024-04-01,10010.4,216.28571428571377,Increasing
2024-04-10,90.0,2.0,5717.857142857143,122.0,2024-04-01,8676.166666666666,-5.285714285713766,Declining
2024-04-11,790.0,2.0,5711.0,122.0,2024-04-01,8282.266666666666,-6.857142857143117,Declining
2024-04-12,663.0,0.0,5735.142857142857,121.57142857142857,2024-04-01,8296.633333333333,24.142857142856883,Increasing
2024-04-13,1023.0,7.0,5750.142857142857,122.0,2024-04-01,8274.366666666667,15.0,Increasing
2024-04-14,375.0,11.0,5704.571428571428,120.71428571428571,2024-04-01,8236.033333333333,-45.57142857142844,Declining
2024-04-15,26529.0,125.0,4945.142857142857,114.71428571428571,2024-04-01,9086.1,-759.4285714285716,Declining
2024-04-16,2254.0,571.0,4532.0,102.57142857142857,2024-04-01,9133.766666666666,-413.1428571428569,Declining
2024-04-17,115.0,1.0,4535.571428571428,102.42857142857143,2024-04-01,7880.0,3.5714285714284415,Increasing
2024-04-18,913.0,2.0,4553.142857142857,102.42857142857143,2024-04-01,7618.0,17.57142857142844,Increasing
2024-04-19,536.0,1.0,4535.0,102.57142857142857,2024-04-01,7627.866666666667,-18.142857142856883,Declining
2024-04-20,1140.0,5.0,4551.714285714285,102.28571428571429,2024-04-01,7617.466666666666,16.714285714285325,Increasing
2024-04-21,918.0,18.0,4629.285714285715,103.28571428571429,2024-04-01,7613.8,77.57142857142935,Increasing
2024-04-22,28134.0,140.0,4858.571428571428,105.42857142857143,2024-04-01,8523.166666666666,229.28571428571377,Increasing
2024-04-23,2158.0,485.0,4844.857142857143,93.14285714285714,2024-04-01,8570.366666666667,-13.714285714285325,Declining
2024-04-24,158.0,0.0,4851.0,93.0,2024-04-01,5040.533333333334,6.142857142856883,Increasing
2024-04-25,950.0,1.0,4856.285714285715,92.85714285714286,2024-04-01,4915.633333333333,5.2857142857146755,Increasing
2024-04-26,535.0,0.0,4856.142857142857,92.71428571428571,2024-04-01,4929.966666666666,-0.1428571428577925,Declining
2024-04-27,1832.0,9.0,4955.0,93.28571428571429,2024-04-01,4954.4,98.85714285714312,Increasing
2024-04-28,1053.0,7.0,4974.285714285715,91.71428571428571,2024-04-01,4967.766666666666,19.285714285714675,Increasing
2024-04-29,24631.0,104.0,4473.857142857143,86.57142857142857,2024-04-01,5759.733333333334,-500.42857142857156,Declining
2024-04-30,2199.0,480.0,4479.714285714285,85.85714285714286,2024-04-01,5813.433333333333,5.8571428571422075,Increasing
2024-05-01,149.0,14.0,4478.428571428572,87.85714285714286,2024-05-01,4694.633333333333,-1.285714285713766,Declining
2024-05-02,1069.0,1.0,4495.428571428572,87.85714285714286,2024-05-01,4609.2,17.0,Increasing
2024-05-03,602.0,1.0,4505.0,88.0,2024-05-01,4625.033333333334,9.571428571428442,Increasing
2024-05-04,1898.0,13.0,4514.428571428572,88.57142857142857,2024-05-01,4660.366666666667,9.428571428571558,Increasing
2024-05-05,955.0,6.0,4500.428571428572,88.42857142857143,2024-05-01,4675.733333333334,-14.0,Declining
2024-05-06,26891.0,133.0,4823.285714285715,92.57142857142857,2024-05-01,5541.5,322.8571428571431,Increasing
2024-05-07,2209.0,381.0,4824.714285714285,78.42857142857143,2024-05-01,5592.0,1.428571428570649,Increasing
2024-05-08,131.0,3.0,4822.142857142857,76.85714285714286,2024-05-01,4534.866666666667,-2.5714285714284415,Declining
2024-05-09,1074.0,0.0,4822.857142857143,76.71428571428571,2024-05-01,4399.133333333333,0.714285714286234,Increasing
2024-05-10,775.0,2.0,4847.571428571428,76.85714285714286,2024-05-01,4421.966666666666,24.714285714285325,Increasing
2024-05-11,1991.0,12.0,4860.857142857143,76.71428571428571,2024-05-01,4462.0,13.285714285714675,Increasing
2024-05-12,1282.0,5.0,4907.571428571428,76.57142857142857,2024-05-01,4482.633333333333,46.714285714285325,Increasing
2024-05-13,30696.0,67.0,5451.142857142857,67.14285714285714,2024-05-01,5471.733333333334,543.5714285714284,Increasing
2024-05-14,2619.0,384.0,5509.714285714285,67.57142857142857,2024-05-01,5546.533333333334,58.57142857142844,Increasing
2024-05-15,119.0,2.0,5508.0,67.42857142857143,2024-05-01,4666.2,-1.7142857142853245,Declining
2024-05-16,896.0,2.0,5482.571428571428,67.71428571428571,2024-05-01,4620.933333333333,-25.42857142857156,Declining
2024-05-17,506.0,6.0,5444.142857142857,68.28571428571429,2024-05-01,4633.966666666666,-38.42857142857156,Declining
2024-05-18,2023.0,17.0,5448.714285714285,69.0,2024-05-01,4670.966666666666,4.5714285714284415,Increasing
2024-05-19,1462.0,14.0,5474.428571428572,70.28571428571429,2024-05-01,4701.833333333333,25.714285714286234,Increasing
2024-05-20,25267.0,117.0,4698.857142857143,77.42857142857143,2024-05-01,5506.066666666667,-775.5714285714284,Declining
2024-05-21,2461.0,394.0,4676.285714285715,78.85714285714286,2024-05-01,5557.5,-22.57142857142844,Declining
2024-05-22,145.0,0.0,4680.0,78.57142857142857,2024-05-01,4624.533333333334,3.7142857142853245,Increasing
2024-05-23,668.0,0.0,4647.428571428572,78.28571428571429,2024-05-01,4574.866666666667,-32.57142857142844,Declining
2024-05-24,380.0,1.0,4629.428571428572,77.57142857142857,2024-05-01,4582.266666666666,-18.0,Declining
2024-05-25,1875.0,6.0,4608.285714285715,76.0,2024-05-01,4613.1,-21.142857142856883,Declining
2024-05-26,1498.0,10.0,4613.428571428572,75.42857142857143,2024-05-01,4645.2,5.142857142856883,Increasing
2024-05-27,28020.0,108.0,5006.714285714285,74.14285714285714,2024-05-01,5518.133333333333,393.28571428571377,Increasing
2024-05-28,2296.0,357.0,4983.142857142857,68.85714285714286,2024-05-01,5559.566666666667,-23.57142857142844,Declining
2024-05-29,119.0,1.0,4979.428571428572,69.0,2024-05-01,4742.5,-3.7142857142853245,Declining
2024-05-30,419.0,1.0,4943.857142857143,69.14285714285714,2024-05-01,4683.166666666667,-35.57142857142844,Declining
2024-05-31,318.0,2.0,4935.0,69.28571428571429,2024-05-01,4688.8,-8.857142857143117,Declining
2024-06-01,1943.0,15.0,4944.714285714285,70.57142857142857,2024-06-01,4717.933333333333,9.714285714285325,Increasing
2024-06-02,1903.0,11.0,5002.571428571428,70.71428571428571,2024-06-01,4761.3,57.85714285714312,Increasing
2024-06-03,28546.0,173.0,5077.714285714285,80.0,2024-06-01,5649.566666666667,75.14285714285688,Increasing
2024-06-04,1699.0,351.0,4992.428571428572,79.14285714285714,2024-06-01,5674.366666666667,-85.28571428571377,Declining
2024-06-05,92.0,0.0,4988.571428571428,79.0,2024-06-01,4781.066666666667,-3.857142857143117,Declining
2024-06-06,365.0,0.0,4980.857142857143,78.85714285714286,2024-06-01,4719.6,-7.7142857142853245,Declining
2024-06-07,292.0,0.0,4977.142857142857,78.57142857142857,2024-06-01,4724.966666666666,-3.714285714286234,Declining
2024-06-08,2809.0,6.0,5100.857142857143,77.28571428571429,2024-06-01,4782.8,123.71428571428623,Increasing
2024-06-09,2160.0,5.0,5137.571428571428,76.42857142857143,2024-06-01,4828.966666666666,36.714285714285325,Increasing
2024-06-10,28499.0,144.0,5130.857142857143,72.28571428571429,2024-06-01,5712.566666666667,-6.7142857142853245,Declining
2024-06-11,1823.0,401.0,5148.571428571428,79.42857142857143,2024-06-01,5730.6,17.714285714285325,Increasing
2024-06-12,32.0,0.0,5140.0,79.42857142857143,2024-06-01,4708.466666666666,-8.571428571428442,Declining
2024-06-13,257.0,0.0,5124.571428571428,79.42857142857143,2024-06-01,4629.733333333334,-15.428571428571558,Declining
2024-06-14,247.0,0.0,5118.142857142857,79.42857142857143,2024-06-01,4634.0,-6.4285714285715585,Declining
2024-06-15,2899.0,8.0,5131.0,79.71428571428571,2024-06-01,4700.766666666666,12.857142857143117,Increasing
2024-06-16,2980.0,6.0,5248.142857142857,79.85714285714286,2024-06-01,4783.233333333334,117.14285714285688,Increasing
2024-06-17,30787.0,231.0,5575.0,92.28571428571429,2024-06-01,5742.033333333334,326.8571428571431,Increasing
2024-06-18,2019.0,471.0,5603.0,102.28571428571429,2024-06-01,5760.6,28.0,Increasing
2024-06-19,12.0,0.0,5600.142857142857,102.28571428571429,2024-06-01,4918.766666666666,-2.857142857143117,Declining
2024-06-20,260.0,4.0,5600.571428571428,102.85714285714286,2024-06-01,4845.4,0.4285714285715585,Increasing
2024-06-21,196.0,0.0,5593.285714285715,102.85714285714286,2024-06-01,4847.1,-7.285714285713766,Declining
2024-06-22,1842.0,12.0,5442.285714285715,103.42857142857143,2024-06-01,4886.233333333334,-151.0,Declining
2024-06-23,2913.0,3.0,5432.714285714285,103.0,2024-06-01,4970.666666666667,-9.571428571429351,Declining
2024-06-24,37843.0,214.0,6440.714285714285,100.57142857142857,2024-06-01,6169.6,1008.0,Increasing
2024-06-25,2270.0,469.0,6476.571428571428,100.28571428571429,2024-06-01,6195.333333333333,35.85714285714312,Increasing
2024-06-26,28.0,0.0,6478.857142857143,100.28571428571429,2024-06-01,5262.266666666666,2.2857142857146755,Increasing
2024-06-27,405.0,0.0,6499.571428571428,99.71428571428571,2024-06-01,5199.233333333334,20.714285714285325,Increasing
2024-06-28,262.0,1.0,6509.0,99.85714285714286,2024-06-01,5204.0,9.428571428571558,Increasing
2024-06-29,3282.0,16.0,6714.714285714285,100.42857142857143,2024-06-01,5299.433333333333,205.71428571428532,Increasing
2024-06-30,3888.0,4.0,6854.0,100.57142857142857,2024-06-01,5418.433333333333,139.28571428571468,Increasing
2024-07-01,41281.0,232.0,7345.142857142857,103.14285714285714,2024-07-01,6729.7,491.1428571428569,Increasing
2024-07-02,2716.0,568.0,7408.857142857143,117.28571428571429,2024-07-01,6756.8,63.714285714286234,Increasing
2024-07-03,22.0,0.0,7408.0,117.28571428571429,2024-07-01,5806.0,-0.857142857143117,Declining
2024-07-04,415.0,0.0,7409.428571428572,117.28571428571429,2024-07-01,5763.2,1.4285714285715585,Increasing
2024-07-05,350.0,0.0,7422.0,117.14285714285714,2024-07-01,5771.8,12.571428571428442,Increasing
2024-07-06,1395.0,11.0,7152.428571428572,116.42857142857143,2024-07-01,5806.133333333333,-269.57142857142844,Declining
2024-07-07,3794.0,5.0,7139.0,116.57142857142857,2024-07-01,5922.866666666667,-13.428571428571558,Declining
2024-07-08,41409.0,248.0,7157.285714285715,118.85714285714286,2024-07-01,7209.533333333334,18.285714285714675,Increasing
2024-07-09,2700.0,630.0,7155.0,127.71428571428571,2024-07-01,7227.533333333334,-2.2857142857146755,Declining
2024-07-10,34.0,0.0,7156.714285714285,127.71428571428571,2024-07-01,6278.7,1.7142857142853245,Increasing
2024-07-11,579.0,0.0,7180.142857142857,127.71428571428571,2024-07-01,6237.233333333334,23.42857142857156,Increasing
2024-07-12,368.0,0.0,7182.714285714285,127.71428571428571,2024-07-01,6248.433333333333,2.5714285714284415,Increasing
2024-07-13,1030.0,6.0,7130.571428571428,127.0,2024-07-01,6274.2,-52.14285714285688,Declining
2024-07-14,2915.0,2.0,7005.0,126.57142857142857,2024-07-01,6363.133333333333,-125.57142857142844,Declining
2024-07-15,46295.0,282.0,7703.0,131.42857142857142,2024-07-01,7809.666666666667,698.0,Increasing
2024-07-16,3552.0,773.0,7824.714285714285,151.85714285714286,2024-07-01,7828.733333333334,121.71428571428532,Increasing
2024-07-17,9.0,0.0,7821.142857142857,151.85714285714286,2024-07-01,6802.8,-3.5714285714284415,Declining
2024-07-18,1069.0,1.0,7891.142857142857,152.0,2024-07-01,6771.133333333333,70.0,Increasing
2024-07-19,479.0,0.0,7907.0,152.0,2024-07-01,6786.7,15.857142857143117,Increasing
2024-07-20,1070.0,3.0,7912.714285714285,151.57142857142858,2024-07-01,6813.7,5.7142857142853245,Increasing
2024-07-21,2068.0,7.0,7791.714285714285,152.28571428571428,2024-07-01,6876.1,-121.0,Declining
2024-07-22,53327.0,321.0,8796.285714285714,157.85714285714286,2024-07-01,8592.266666666666,1004.5714285714284,Increasing
2024-07-23,3348.0,910.0,8767.142857142857,177.42857142857142,2024-07-01,8606.766666666666,-29.142857142856883,Declining
2024-07-24,52.0,0.0,8773.285714285714,177.42857142857142,2024-07-01,7347.066666666667,6.142857142856883,Increasing
2024-07-25,702.0,0.0,8720.857142857143,177.28571428571428,2024-07-01,7294.8,-52.42857142857065,Declining
2024-07-26,614.0,1.0,8740.142857142857,177.42857142857142,2024-07-01,7314.333333333333,19.285714285713766,Increasing
2024-07-27,928.0,2.0,8719.857142857143,177.28571428571428,2024-07-01,7331.766666666666,-20.285714285713766,Declining
2024-07-28,1562.0,9.0,8647.57142857143,177.57142857142858,2024-07-01,7375.1,-72.28571428571377,Declining
2024-07-29,56822.0,286.0,9146.857142857143,172.57142857142858,2024-07-01,9159.766666666666,499.28571428571377,Increasing
2024-07-30,2922.0,1034.0,9086.0,190.28571428571428,2024-07-01,9127.566666666668,-60.85714285714312,Declining
2024-07-31,9.0,0.0,9079.857142857143,190.28571428571428,2024-07-01,7751.833333333333,-6.142857142856883,Declining
2024-08-01,781.0,2.0,9091.142857142857,190.57142857142858,2024-08-01,7687.333333333333,11.285714285713766,Increasing
2024-08-02,666.0,0.0,9098.57142857143,190.42857142857142,2024-08-01,7708.8,7.428571428572468,Increasing
2024-08-03,566.0,1.0,9046.857142857143,190.28571428571428,2024-08-01,7713.833333333333,-51.714285714286234,Declining
2024-08-04,1162.0,13.0,8989.714285714286,190.85714285714286,2024-08-01,7740.9,-57.14285714285688,Declining
2024-08-05,58944.0,314.0,9292.857142857143,194.85714285714286,2024-08-01,9659.2,303.1428571428569,Increasing
2024-08-06,2025.0,1117.0,9164.714285714286,206.71428571428572,2024-08-01,9600.233333333334,-128.14285714285688,Declining
2024-08-07,1.0,0.0,9163.57142857143,206.71428571428572,2024-08-01,8219.966666666667,-1.142857142856883,Declining
2024-08-08,779.0,0.0,9163.285714285714,206.42857142857142,2024-08-01,8155.933333333333,-0.285714285715585,Declining
2024-08-09,585.0,0.0,9151.714285714286,206.42857142857142,2024-08-01,8174.3,-11.571428571427532,Declining
2024-08-10,611.0,4.0,9158.142857142857,206.85714285714286,2024-08-01,8175.366666666667,6.428571428570649,Increasing
2024-08-11,1337.0,5.0,9183.142857142857,205.71428571428572,2024-08-01,8207.666666666666,25.0,Increasing
2024-08-12,58353.0,289.0,9098.714285714286,202.14285714285714,2024-08-01,10118.433333333332,-84.42857142857065,Declining
2024-08-13,1875.0,1118.0,9077.285714285714,202.28571428571428,2024-08-01,10083.766666666666,-21.428571428572468,Declining
2024-08-14,3.0,0.0,9077.57142857143,202.28571428571428,2024-08-01,8540.7,0.285714285715585,Increasing
2024-08-15,596.0,0.0,9051.42857142857,202.28571428571428,2024-08-01,8442.166666666666,-26.142857142858702,Declining
2024-08-16,515.0,0.0,9041.42857142857,202.28571428571428,2024-08-01,8459.033333333333,-10.0,Declining
2024-08-17,438.0,1.0,9016.714285714286,201.85714285714286,2024-08-01,8438.0,-24.714285714284415,Declining
2024-08-18,1104.0,10.0,8983.42857142857,202.57142857142858,2024-08-01,8458.833333333334,-33.285714285715585,Declining
2024-08-19,70433.0,364.0,10709.142857142857,213.28571428571428,2024-08-01,10770.933333333332,1725.7142857142862,Increasing
2024-08-20,1538.0,1292.0,10661.0,238.14285714285714,2024-08-01,10753.266666666666,-48.14285714285688,Declining
2024-08-21,1.0,0.0,10660.714285714286,238.14285714285714,2024-08-01,8975.733333333334,-0.285714285713766,Declining
2024-08-22,455.0,0.0,10640.57142857143,238.14285714285714,2024-08-01,8879.3,-20.142857142856883,Declining
2024-08-23,469.0,0.0,10634.0,238.14285714285714,2024-08-01,8893.2,-6.571428571429351,Declining
2024-08-24,261.0,0.0,10608.714285714286,238.0,2024-08-01,8878.5,-25.285714285713766,Declining
2024-08-25,1114.0,4.0,10610.142857142857,237.14285714285714,2024-08-01,8895.166666666666,1.428571428570649,Increasing
2024-08-26,75077.0,350.0,11273.57142857143,235.14285714285714,2024-08-01,11366.8,663.4285714285725,Increasing
2024-08-27,1294.0,1385.0,11238.714285714286,248.42857142857142,2024-08-01,11357.866666666667,-34.85714285714312,Declining
2024-08-28,1.0,0.0,11238.714285714286,248.42857142857142,2024-08-01,9463.833333333334,0.0,Stable
2024-08-29,410.0,0.0,11232.285714285714,248.42857142857142,2024-08-01,9380.1,-6.428571428572468,Declining
2024-08-30,3.0,0.0,11165.714285714286,248.42857142857142,2024-08-01,9379.9,-66.57142857142753,Declining
2024-08-31,1028.0,1.0,11275.285714285714,248.57142857142858,2024-08-01,9388.133333333333,109.57142857142753,Increasing
2024-09-01,950.0,21.0,11251.857142857143,251.0,2024-09-01,9397.6,-23.42857142857065,Declining
2024-09-02,76547.0,343.0,11461.857142857143,250.0,2024-09-01,11930.3,210.0,Increasing
2024-09-03,1195.0,1247.0,11447.714285714286,230.28571428571428,2024-09-01,11931.4,-14.142857142856883,Declining
2024-09-04,3.0,0.0,11448.0,230.28571428571428,2024-09-01,9966.7,0.285714285713766,Increasing
2024-09-05,303.0,0.0,11432.714285714286,230.28571428571428,2024-09-01,9909.3,-15.285714285713766,Declining
2024-09-06,1.0,0.0,11432.42857142857,230.28571428571428,2024-09-01,9909.3,-0.285714285715585,Declining
2024-09-07,677.0,1.0,11382.285714285714,230.28571428571428,2024-09-01,9905.9,-50.14285714285688,Declining
2024-09-08,717.0,7.0,11349.0,228.28571428571428,2024-09-01,9910.3,-33.285714285713766,Declining
2024-09-09,83221.0,286.0,12302.42857142857,220.14285714285714,2024-09-01,12663.966666666667,953.4285714285706,Increasing
2024-09-10,1176.0,1270.0,12299.714285714286,223.42857142857142,2024-09-01,12658.6,-2.714285714284415,Declining
2024-09-11,1.0,0.0,12299.42857142857,223.42857142857142,2024-09-01,10713.533333333333,-0.285714285715585,Declining
2024-09-12,231.0,0.0,12289.142857142857,223.42857142857142,2024-09-01,10658.733333333334,-10.285714285713766,Declining
2024-09-13,259.0,0.0,12326.0,223.42857142857142,2024-09-01,10667.266666666666,36.85714285714312,Increasing
2024-09-14,314.0,2.0,12274.142857142857,223.57142857142858,2024-09-01,10657.866666666667,-51.85714285714312,Declining
2024-09-15,649.0,1.0,12264.42857142857,222.71428571428572,2024-09-01,10662.333333333334,-9.714285714286234,Declining
2024-09-16,93260.0,275.0,13698.57142857143,221.14285714285714,2024-09-01,13756.4,1434.1428571428587,Increasing
2024-09-17,1026.0,1117.0,13677.142857142857,199.28571428571428,2024-09-01,13753.8,-21.428571428572468,Declining
2024-09-18,2.0,0.0,13677.285714285714,199.28571428571428,2024-09-01,11406.1,0.142857142856883,Increasing
2024-09-19,170.0,0.0,13668.57142857143,199.28571428571428,2024-09-01,11360.5,-8.714285714284415,Declining
2024-09-20,1.0,0.0,13631.714285714286,199.28571428571428,2024-09-01,11360.5,-36.85714285714312,Declining
2024-09-21,239.0,1.0,13621.0,199.14285714285714,2024-09-01,11353.3,-10.714285714286234,Declining
2024-09-22,482.0,6.0,13597.142857142857,199.85714285714286,2024-09-01,11353.733333333334,-23.857142857143117,Declining
2024-09-23,96708.0,304.0,14089.714285714286,204.0,2024-09-01,14568.633333333333,492.57142857142935,Increasing
2024-09-24,1341.0,1058.0,14134.714285714286,195.57142857142858,2024-09-01,14576.2,45.0,Increasing
2024-09-25,4.0,0.0,14135.0,195.57142857142858,2024-09-01,12073.766666666666,0.285714285713766,Increasing
2024-09-26,147.0,0.0,14131.714285714286,195.57142857142858,2024-09-01,12035.533333333333,-3.285714285713766,Declining
2024-09-27,140.0,0.0,14151.57142857143,195.57142857142858,2024-09-01,12040.166666666666,19.857142857143117,Increasing
2024-09-28,289.0,3.0,14158.714285714286,195.85714285714286,2024-09-01,12036.133333333333,7.142857142856883,Increasing
2024-09-29,695.0,2.0,14189.142857142857,195.28571428571428,2024-09-01,12059.2,30.42857142857065,Increasing
2024-09-30,87405.0,335.0,12860.142857142857,199.71428571428572,2024-09-01,14938.433333333332,-1329.0,Declining
2024-10-01,1245.0,998.0,12846.42857142857,191.14285714285714,2024-10-01,14948.266666666666,-13.714285714286234,Declining
2024-10-02,6.0,0.0,12846.714285714286,191.14285714285714,2024-10-01,12396.9,0.285714285715585,Increasing
2024-10-03,107.0,0.0,12841.0,191.14285714285714,2024-10-01,12360.633333333333,-5.714285714286234,Declining
2024-10-04,89.0,0.0,12833.714285714286,191.14285714285714,2024-10-01,12363.5,-7.285714285713766,Declining
2024-10-05,285.0,4.0,12833.142857142857,191.28571428571428,2024-10-01,12362.9,-0.571428571429351,Declining
2024-10-06,837.0,1.0,12853.42857142857,191.14285714285714,2024-10-01,12390.766666666666,20.285714285713766,Increasing
2024-10-07,80729.0,346.0,11899.714285714286,192.71428571428572,2024-10-01,15059.166666666666,-953.7142857142844,Declining
2024-10-08,1325.0,825.0,11911.142857142857,168.0,2024-10-01,15079.433333333332,11.428571428570649,Increasing
2024-10-09,1.0,0.0,11910.42857142857,168.0,2024-10-01,12305.433333333332,-0.714285714286234,Declining
2024-10-10,68.0,0.0,11904.857142857143,168.0,2024-10-01,12268.5,-5.571428571427532,Declining
2024-10-11,1.0,0.0,11892.285714285714,168.0,2024-10-01,12268.5,-12.571428571429351,Declining
2024-10-12,354.0,0.0,11902.142857142857,167.42857142857142,2024-10-01,12272.6,9.857142857143117,Increasing
2024-10-13,869.0,0.0,11906.714285714286,167.28571428571428,2024-10-01,12292.933333333332,4.571428571429351,Increasing
2024-10-14,65152.0,369.0,9681.42857142857,170.57142857142858,2024-10-01,14454.2,-2225.2857142857156,Declining
2024-10-15,1551.0,761.0,9713.714285714286,161.42857142857142,2024-10-01,14484.266666666666,32.285714285715585,Increasing
2024-10-16,10.0,0.0,9715.0,161.42857142857142,2024-10-01,11375.933333333332,1.285714285713766,Increasing
2024-10-17,53.0,0.0,9712.857142857143,161.42857142857142,2024-10-01,11343.5,-2.142857142856883,Declining
2024-10-18,53.0,0.0,9720.285714285714,161.42857142857142,2024-10-01,11345.2,7.428571428570649,Increasing
2024-10-19,404.0,1.0,9727.42857142857,161.57142857142858,2024-10-01,11353.0,7.142857142856883,Increasing
2024-10-20,917.0,0.0,9734.285714285714,161.57142857142858,2024-10-01,11383.533333333333,6.857142857143117,Increasing
2024-10-21,58336.0,354.0,8760.57142857143,159.42857142857142,2024-10-01,13320.1,-973.7142857142844,Declining
2024-10-22,1489.0,662.0,8751.714285714286,145.28571428571428,2024-10-01,13353.666666666666,-8.857142857143117,Declining
2024-10-23,40.0,0.0,8756.0,145.28571428571428,2024-10-01,10131.4,4.285714285713766,Increasing
2024-10-24,11.0,0.0,8750.0,145.28571428571428,2024-10-01,10087.066666666668,-6.0,Declining
2024-10-25,51.0,0.0,8749.714285714286,145.28571428571428,2024-10-01,10088.633333333333,-0.285714285713766,Declining
2024-10-26,500.0,1.0,8763.42857142857,145.28571428571428,2024-10-01,10100.4,13.714285714284415,Increasing
2024-10-27,905.0,0.0,8761.714285714286,145.28571428571428,2024-10-01,10125.9,-1.714285714284415,Declining
2024-10-28,47457.0,352.0,7207.571428571428,145.0,2024-10-01,11698.166666666666,-1554.1428571428578,Declining
2024-10-29,1548.0,620.0,7216.0,139.0,2024-10-01,11726.6,8.428571428571558,Increasing
2024-10-30,3.0,0.0,7210.714285714285,139.0,2024-10-01,8813.2,-5.2857142857146755,Declining
2024-10-31,47.0,0.0,7215.857142857143,139.0,2024-10-01,8773.266666666666,5.1428571428577925,Increasing
2024-11-01,78.0,6.0,7219.714285714285,139.85714285714286,2024-11-01,8775.666666666666,3.8571428571422075,Increasing
2024-11-02,558.0,1.0,7228.0,139.85714285714286,2024-11-01,8790.7,8.285714285714675,Increasing
2024-11-03,798.0,1.0,7212.714285714285,140.0,2024-11-01,8814.333333333334,-15.285714285714675,Declining
2024-11-04,42872.0,264.0,6557.714285714285,127.42857142857143,2024-11-01,10233.9,-655.0,Declining
2024-11-05,1691.0,569.0,6578.142857142857,120.14285714285714,2024-11-01,10262.366666666667,20.42857142857156,Increasing
2024-11-06,8.0,0.0,6578.857142857143,120.14285714285714,2024-11-01,7571.666666666667,0.714285714286234,Increasing
2024-11-07,26.0,0.0,6575.857142857143,120.14285714285714,2024-11-01,7528.366666666667,-3.0,Declining
2024-11-08,25.0,0.0,6568.285714285715,119.28571428571429,2024-11-01,7529.166666666667,-7.5714285714284415,Declining
2024-11-09,575.0,0.0,6570.714285714285,119.14285714285714,2024-11-01,7546.066666666667,2.428571428570649,Increasing
2024-11-10,1065.0,1.0,6608.857142857143,119.14285714285714,2024-11-01,7581.533333333334,38.14285714285779,Increasing
2024-11-11,43285.0,243.0,6667.857142857143,116.14285714285714,2024-11-01,9012.566666666668,59.0,Increasing
2024-11-12,1744.0,545.0,6675.428571428572,112.71428571428571,2024-11-01,9041.733333333334,7.5714285714284415,Increasing
2024-11-13,10.0,0.0,6675.714285714285,112.71428571428571,2024-11-01,6870.333333333333,0.285714285713766,Increasing
2024-11-14,34.0,0.0,6676.857142857143,112.71428571428571,2024-11-01,6819.766666666666,1.1428571428577925,Increasing
2024-11-15,23.0,0.0,6676.571428571428,112.71428571428571,2024-11-01,6820.2,-0.2857142857146755,Declining
2024-11-16,513.0,1.0,6667.714285714285,112.85714285714286,2024-11-01,6835.533333333334,-8.857142857143117,Declining
2024-11-17,1169.0,2.0,6682.571428571428,113.0,2024-11-01,6872.733333333334,14.857142857143117,Increasing
2024-11-18,46649.0,220.0,7163.142857142857,109.71428571428571,2024-11-01,8414.233333333334,480.57142857142844,Increasing
2024-11-19,1290.0,488.0,7098.285714285715,101.57142857142857,2024-11-01,8426.666666666666,-64.85714285714221,Declining
2024-11-20,12.0,0.0,7098.571428571428,101.57142857142857,2024-11-01,6482.533333333334,0.285714285713766,Increasing
2024-11-21,31.0,0.0,7098.142857142857,101.57142857142857,2024-11-01,6433.933333333333,-0.4285714285715585,Declining
2024-11-22,6.0,0.0,7095.714285714285,101.57142857142857,2024-11-01,6432.8,-2.4285714285715585,Declining
2024-11-23,523.0,0.0,7097.142857142857,101.42857142857143,2024-11-01,6449.866666666667,1.4285714285715585,Increasing
2024-11-24,1252.0,0.0,7109.0,101.14285714285714,2024-11-01,6489.9,11.857142857143117,Increasing
2024-11-25,48792.0,228.0,7415.142857142857,102.28571428571429,2024-11-01,8099.633333333333,306.1428571428569,Increasing
2024-11-26,1138.0,517.0,7393.428571428572,106.42857142857143,2024-11-01,8107.4,-21.714285714285325,Declining
2024-11-27,9.0,0.0,7393.0,106.42857142857143,2024-11-01,6525.8,-0.4285714285715585,Declining
2024-11-28,33.0,0.0,7393.285714285715,106.42857142857143,2024-11-01,6475.3,0.2857142857146755,Increasing
2024-11-29,24.0,0.0,7395.857142857143,106.42857142857143,2024-11-01,6476.0,2.5714285714284415,Increasing
2024-11-30,524.0,5.0,7396.0,107.14285714285714,2024-11-01,6491.9,0.142857142856883,Increasing
2024-12-01,1380.0,11.0,7414.285714285715,108.71428571428571,2024-12-01,6535.3,18.285714285714675,Increasing
2024-12-02,51071.0,204.0,7739.857142857143,105.28571428571429,2024-12-01,8219.066666666668,325.57142857142844,Increasing
2024-12-03,1278.0,523.0,7759.857142857143,106.14285714285714,2024-12-01,8235.066666666668,20.0,Increasing
2024-12-04,38.0,0.0,7764.0,106.14285714285714,2024-12-01,6807.266666666666,4.142857142856883,Increasing
2024-12-05,4.0,0.0,7759.857142857143,106.14285714285714,2024-12-01,6751.033333333334,-4.142857142856883,Declining
2024-12-06,50.0,0.0,7763.571428571428,106.14285714285714,2024-12-01,6752.433333333333,3.7142857142853245,Increasing
2024-12-07,587.0,0.0,7772.571428571428,105.42857142857143,2024-12-01,6771.133333333333,9.0,Increasing
2024-12-08,1627.0,0.0,7807.857142857143,103.85714285714286,2024-12-01,6824.533333333334,35.285714285714675,Increasing
2024-12-09,50254.0,156.0,7691.142857142857,97.0,2024-12-01,8480.5,-116.71428571428623,Declining
2024-12-10,1313.0,592.0,7696.142857142857,106.85714285714286,2024-12-01,8488.766666666666,5.0,Increasing
2024-12-11,28.0,0.0,7694.714285714285,106.85714285714286,2024-12-01,7046.866666666667,-1.4285714285715585,Declining
2024-12-12,43.0,0.0,7700.285714285715,106.85714285714286,2024-12-01,6990.166666666667,5.571428571429351,Increasing
2024-12-13,30.0,0.0,7697.428571428572,106.85714285714286,2024-12-01,6990.833333333333,-2.857142857143117,Declining
2024-12-14,740.0,0.0,7719.285714285715,106.85714285714286,2024-12-01,7014.366666666667,21.857142857143117,Increasing
2024-12-15,1731.0,1.0,7734.142857142857,107.0,2024-12-01,7071.3,14.857142857142208,Increasing
2024-12-16,44954.0,223.0,6977.0,116.57142857142857,2024-12-01,8552.666666666666,-757.1428571428569,Declining
2024-12-17,995.0,614.0,6931.571428571428,119.71428571428571,2024-12-01,8546.866666666667,-45.42857142857156,Declining
2024-12-18,50.0,0.0,6934.714285714285,119.71428571428571,2024-12-01,6993.566666666667,3.142857142856883,Increasing
2024-12-19,7.0,0.0,6929.571428571428,119.71428571428571,2024-12-01,6950.8,-5.142857142856883,Declining
2024-12-20,59.0,0.0,6933.714285714285,119.71428571428571,2024-12-01,6952.366666666667,4.142857142856883,Increasing
2024-12-21,870.0,0.0,6952.285714285715,119.71428571428571,2024-12-01,6980.333333333333,18.57142857142935,Increasing
2024-12-22,1484.0,0.0,6917.0,119.57142857142857,2024-12-01,7029.6,-35.285714285714675,Declining
2024-12-23,34102.0,187.0,5366.714285714285,114.42857142857143,2024-12-01,8148.9,-1550.2857142857147,Declining
2024-12-24,718.0,690.0,5327.142857142857,125.28571428571429,2024-12-01,8131.1,-39.57142857142844,Declining
2024-12-25,35.0,0.0,5325.0,125.28571428571429,2024-12-01,6505.866666666667,-2.142857142856883,Declining
2024-12-26,2.0,0.0,5324.285714285715,125.28571428571429,2024-12-01,6468.0,-0.7142857142853245,Declining
2024-12-27,32.0,0.0,5320.428571428572,125.28571428571429,2024-12-01,6468.766666666666,-3.857142857143117,Declining
2024-12-28,5.0,0.0,5196.857142857143,125.28571428571429,2024-12-01,6467.833333333333,-123.57142857142844,Declining
2024-12-29,971.0,2.0,5123.571428571428,125.57142857142857,2024-12-01,6499.4,-73.28571428571468,Declining
2024-12-30,23777.0,199.0,3648.5714285714284,127.28571428571429,2024-12-01,7274.5,-1475.0,Declining
2024-12-31,17923.0,1012.0,6106.428571428572,173.28571428571428,2024-12-01,7825.933333333333,2457.857142857143,Increasing
2025-01-01,2.0,7.0,6101.714285714285,174.28571428571428,2025-01-01,6123.633333333333,-4.714285714286234,Declining
2025-01-02,64.0,0.0,6110.571428571428,174.28571428571428,2025-01-01,6083.166666666667,8.857142857143117,Increasing
2025-01-03,40.0,0.0,6111.714285714285,174.28571428571428,2025-01-01,6083.233333333334,1.142857142856883,Increasing
2025-01-04,3.0,0.0,6111.428571428572,174.28571428571428,2025-01-01,6083.2,-0.285714285713766,Declining
2025-01-05,1.0,0.0,5972.857142857143,174.0,2025-01-01,6081.566666666667,-138.57142857142844,Declining
2025-01-06,24366.0,197.0,6057.0,173.71428571428572,2025-01-01,6874.2,84.14285714285688,Increasing
2025-01-07,24799.0,1179.0,7039.285714285715,197.57142857142858,2025-01-01,7646.6,982.2857142857147,Increasing
2025-01-08,4.0,0.0,7039.571428571428,196.57142857142858,2025-01-01,5971.6,0.285714285713766,Increasing
2025-01-09,57.0,0.0,7038.571428571428,196.57142857142858,2025-01-01,5929.733333333334,-1.0,Declining
2025-01-10,39.0,0.0,7038.428571428572,196.57142857142858,2025-01-01,5930.1,-0.142857142856883,Declining
2025-01-11,6.0,0.0,7038.857142857143,196.57142857142858,2025-01-01,5928.866666666667,0.4285714285715585,Increasing
2025-01-12,0.0,0.0,7038.714285714285,196.57142857142858,2025-01-01,5927.866666666667,-0.1428571428577925,Declining
2025-01-13,20646.0,226.0,6507.285714285715,200.71428571428572,2025-01-01,6591.4,-531.4285714285706,Declining
2025-01-14,21847.0,1098.0,6085.571428571428,189.14285714285714,2025-01-01,7261.933333333333,-421.71428571428623,Declining
2025-01-15,0.0,0.0,6085.0,189.14285714285714,2025-01-01,5763.466666666666,-0.5714285714284415,Declining
2025-01-16,0.0,0.0,6076.857142857143,189.14285714285714,2025-01-01,5730.3,-8.142857142856883,Declining
2025-01-17,0.0,0.0,6071.285714285715,189.14285714285714,2025-01-01,5728.633333333333,-5.5714285714284415,Declining
2025-01-18,0.0,0.0,6070.428571428572,189.14285714285714,2025-01-01,5728.4,-0.857142857143117,Declining
2025-01-19,0.0,0.0,6070.428571428572,189.14285714285714,2025-01-01,5726.433333333333,0.0,Stable
2025-01-20,16836.0,136.0,5526.142857142857,176.28571428571428,2025-01-01,6258.633333333333,-544.2857142857147,Declining
2025-01-21,21184.0,1059.0,5431.428571428572,170.71428571428572,2025-01-01,6915.3,-94.71428571428532,Declining
2025-01-22,0.0,0.0,5431.428571428572,170.71428571428572,2025-01-01,5778.566666666667,0.0,Stable
2025-01-23,0.0,0.0,5431.428571428572,170.71428571428572,2025-01-01,5754.633333333333,0.0,Stable
2025-01-24,0.0,0.0,5431.428571428572,170.71428571428572,2025-01-01,5753.466666666666,0.0,Stable
2025-01-25,31.0,0.0,5435.857142857143,170.71428571428572,2025-01-01,5754.433333333333,4.4285714285715585,Increasing
2025-01-26,0.0,0.0,5435.857142857143,170.71428571428572,2025-01-01,5753.366666666667,0.0,Stable
2025-01-27,15661.0,94.0,5268.0,164.71428571428572,2025-01-01,6275.233333333334,-167.85714285714312,Declining
2025-01-28,19750.0,1014.0,5063.142857142857,158.28571428571428,2025-01-01,6901.2,-204.85714285714312,Declining
2025-01-29,1.0,0.0,5063.285714285715,158.28571428571428,2025-01-01,6108.666666666667,0.1428571428577925,Increasing
2025-01-30,4.0,0.0,5063.857142857143,158.28571428571428,2025-01-01,5511.366666666667,0.5714285714284415,Increasing
2025-01-31,4.0,0.0,5064.428571428572,158.28571428571428,2025-01-01,5511.433333333333,0.5714285714284415,Increasing
2025-02-01,0.0,0.0,5060.0,158.28571428571428,2025-02-01,5509.3,-4.4285714285715585,Declining
2025-02-02,0.0,0.0,5060.0,158.28571428571428,2025-02-01,5507.966666666666,0.0,Stable
2025-02-03,13694.0,96.0,4779.0,158.57142857142858,2025-02-01,5964.333333333333,-281.0,Declining
2025-02-04,21995.0,910.0,5099.714285714285,143.71428571428572,2025-02-01,6697.466666666666,320.7142857142853,Increasing
2025-02-05,0.0,0.0,5099.571428571428,143.71428571428572,2025-02-01,5885.266666666666,-0.142857142856883,Declining
2025-02-06,0.0,0.0,5099.0,143.71428571428572,2025-02-01,5058.633333333333,-0.5714285714284415,Declining
2025-02-07,0.0,0.0,5098.428571428572,143.71428571428572,2025-02-01,5058.5,-0.5714285714284415,Declining
2025-02-08,0.0,0.0,5098.428571428572,143.71428571428572,2025-02-01,5056.6,0.0,Stable
2025-02-09,0.0,0.0,5098.428571428572,143.71428571428572,2025-02-01,5055.3,0.0,Stable
2025-02-10,12661.0,93.0,4950.857142857143,143.28571428571428,2025-02-01,5477.133333333333,-147.57142857142844,Declining
2025-02-11,27746.0,814.0,5772.428571428572,129.57142857142858,2025-02-01,6402.0,821.5714285714284,Increasing
2025-02-12,0.0,0.0,5772.428571428572,129.57142857142858,2025-02-01,5713.8,0.0,Stable
2025-02-13,0.0,0.0,5772.428571428572,129.57142857142858,2025-02-01,4985.566666666667,0.0,Stable
2025-02-14,0.0,0.0,5772.428571428572,129.57142857142858,2025-02-01,4985.566666666667,0.0,Stable
2025-02-15,0.0,0.0,5772.428571428572,129.57142857142858,2025-02-01,4985.566666666667,0.0,Stable
2025-02-16,12.0,0.0,5774.142857142857,129.57142857142858,2025-02-01,4985.966666666666,1.7142857142853245,Increasing
2025-02-17,11699.0,72.0,5636.714285714285,126.57142857142857,2025-02-01,5375.933333333333,-137.42857142857156,Declining
2025-02-18,26593.0,818.0,5472.0,127.14285714285714,2025-02-01,6262.366666666667,-164.71428571428532,Declining
2025-02-19,1.0,0.0,5472.142857142857,127.14285714285714,2025-02-01,5701.2,0.142857142856883,Increasing
2025-02-20,2.0,0.0,5472.428571428572,127.14285714285714,2025-02-01,4995.133333333333,0.2857142857146755,Increasing
2025-02-21,1.0,0.0,5472.571428571428,127.14285714285714,2025-02-01,4995.166666666667,0.142857142856883,Increasing
2025-02-22,0.0,0.0,5472.571428571428,127.14285714285714,2025-02-01,4995.166666666667,0.0,Stable
2025-02-23,0.0,0.0,5470.857142857143,127.14285714285714,2025-02-01,4995.166666666667,-1.7142857142853245,Declining
2025-02-24,10613.0,78.0,5315.714285714285,128.0,2025-02-01,5347.9,-155.1428571428578,Declining
2025-02-25,18141.0,770.0,4108.285714285715,121.14285714285714,2025-02-01,5952.6,-1207.4285714285706,Declining
2025-02-26,1.0,0.0,4108.285714285715,121.14285714285714,2025-02-01,5430.6,0.0,Stable
2025-02-27,0.0,0.0,4108.0,121.14285714285714,2025-02-01,4772.266666666666,-0.2857142857146755,Declining
2025-02-28,0.0,0.0,4107.857142857143,121.14285714285714,2025-02-01,4772.233333333334,-0.142857142856883,Declining
2025-03-01,0.0,0.0,4107.857142857143,121.14285714285714,2025-03-01,4772.1,0.0,Stable
2025-03-02,0.0,0.0,4107.857142857143,121.14285714285714,2025-03-01,4771.966666666666,0.0,Stable
2025-03-03,9263.0,60.0,3915.0,118.57142857142857,2025-03-01,5080.733333333334,-192.85714285714312,Declining
2025-03-04,13298.0,680.0,3223.1428571428573,105.71428571428571,2025-03-01,5524.0,-691.8571428571427,Declining
2025-03-05,1.0,0.0,3223.1428571428573,105.71428571428571,2025-03-01,5067.566666666667,0.0,Stable
2025-03-06,0.0,0.0,3223.1428571428573,105.71428571428571,2025-03-01,4334.4,0.0,Stable
2025-03-07,2.0,0.0,3223.4285714285716,105.71428571428571,2025-03-01,4334.466666666666,0.28571428571422075,Increasing
2025-03-08,2.0,0.0,3223.714285714286,105.71428571428571,2025-03-01,4334.533333333334,0.28571428571422075,Increasing
2025-03-09,0.0,0.0,3223.714285714286,105.71428571428571,2025-03-01,4334.533333333334,0.0,Stable
2025-03-10,8889.0,56.0,3170.285714285714,105.14285714285714,2025-03-01,4630.833333333333,-53.42857142857156,Declining
2025-03-11,10363.0,544.0,2751.0,85.71428571428571,2025-03-01,4976.266666666666,-419.2857142857142,Declining
2025-03-12,0.0,0.0,2750.8571428571427,85.71428571428571,2025-03-01,4554.233333333334,-0.14285714285733775,Declining
2025-03-13,0.0,0.0,2750.8571428571427,85.71428571428571,2025-03-01,3629.366666666667,0.0,Stable
2025-03-14,0.0,0.0,2750.5714285714284,85.71428571428571,2025-03-01,3629.366666666667,-0.28571428571422075,Declining
2025-03-15,1.0,0.0,2750.4285714285716,85.71428571428571,2025-03-01,3629.4,-0.142857142856883,Declining
2025-03-16,0.0,0.0,2750.4285714285716,85.71428571428571,2025-03-01,3629.4,0.0,Stable
2025-03-17,4471.0,47.0,2119.285714285714,84.42857142857143,2025-03-01,3778.4333333333334,-631.1428571428573,Declining
2025-03-18,7735.0,514.0,1743.857142857143,80.14285714285714,2025-03-01,4035.866666666667,-375.42857142857133,Declining
2025-03-19,0.0,0.0,1743.857142857143,80.14285714285714,2025-03-01,3645.9,0.0,Stable
2025-03-20,0.0,0.0,1743.857142857143,80.14285714285714,2025-03-01,2759.4666666666667,0.0,Stable
2025-03-21,0.0,0.0,1743.857142857143,80.14285714285714,2025-03-01,2759.4333333333334,0.0,Stable
2025-03-22,0.0,0.0,1743.7142857142858,80.14285714285714,2025-03-01,2759.366666666667,-0.14285714285711038,Declining
2025-03-23,0.0,0.0,1743.7142857142858,80.14285714285714,2025-03-01,2759.3333333333335,0.0,Stable
2025-03-24,4234.0,35.0,1709.857142857143,78.42857142857143,2025-03-01,2900.4666666666667,-33.85714285714289,Declining
2025-03-25,6319.0,523.0,1507.5714285714287,79.71428571428571,2025-03-01,3111.1,-202.28571428571422,Declining
2025-03-26,1.0,0.0,1507.7142857142858,79.71428571428571,2025-03-01,2757.366666666667,0.14285714285711038,Increasing
2025-03-27,0.0,0.0,1507.7142857142858,79.71428571428571,2025-03-01,2152.6666666666665,0.0,Stable
2025-03-28,0.0,0.0,1507.7142857142858,79.71428571428571,2025-03-01,2152.633333333333,0.0,Stable
2025-03-29,0.0,0.0,1507.7142857142858,79.71428571428571,2025-03-01,2152.633333333333,0.0,Stable
2025-03-30,0.0,0.0,1507.7142857142858,79.71428571428571,2025-03-01,2152.633333333333,0.0,Stable
2025-03-31,4011.0,28.0,1475.857142857143,78.71428571428571,2025-03-01,2286.3333333333335,-31.85714285714289,Declining
2025-04-01,5745.0,453.0,1393.857142857143,68.71428571428571,2025-04-01,2477.8333333333335,-82.0,Declining
2025-04-02,0.0,0.0,1393.7142857142858,68.71428571428571,2025-04-01,2169.0666666666666,-0.14285714285711038,Declining
2025-04-03,0.0,0.0,1393.7142857142858,68.71428571428571,2025-04-01,1725.8,0.0,Stable
2025-04-04,2.0,0.0,1394.0,68.71428571428571,2025-04-01,1725.8333333333333,0.28571428571422075,Increasing
2025-04-05,1.0,0.0,1394.142857142857,68.71428571428571,2025-04-01,1725.8666666666666,0.14285714285711038,Increasing
2025-04-06,0.0,0.0,1394.142857142857,68.71428571428571,2025-04-01,1725.8,0.0,Stable
2025-04-07,3751.0,22.0,1357.0,67.85714285714286,2025-04-01,1850.7666666666667,-37.14285714285711,Declining
2025-04-08,5307.0,410.0,1294.4285714285713,61.714285714285715,2025-04-01,2027.6666666666667,-62.57142857142867,Declining
2025-04-09,0.0,0.0,1294.4285714285713,61.714285714285715,2025-04-01,1731.3666666666666,0.0,Stable
2025-04-10,0.0,0.0,1294.4285714285713,61.714285714285715,2025-04-01,1385.9333333333334,0.0,Stable
2025-04-11,0.0,0.0,1294.142857142857,61.714285714285715,2025-04-01,1385.9333333333334,-0.28571428571422075,Declining
2025-04-12,2.0,0.0,1294.2857142857142,61.714285714285715,2025-04-01,1386.0,0.14285714285711038,Increasing
2025-04-13,0.0,0.0,1294.2857142857142,61.714285714285715,2025-04-01,1386.0,0.0,Stable
2025-04-14,3333.0,23.0,1234.5714285714287,61.857142857142854,2025-04-01,1497.0666666666666,-59.71428571428555,Declining
2025-04-15,6479.0,423.0,1402.0,63.714285714285715,2025-04-01,1713.0333333333333,167.42857142857133,Increasing
2025-04-16,0.0,0.0,1402.0,63.714285714285715,2025-04-01,1564.0,0.0,Stable
2025-04-17,0.0,0.0,1402.0,63.714285714285715,2025-04-01,1306.1666666666667,0.0,Stable
2025-04-18,0.0,0.0,1402.0,63.714285714285715,2025-04-01,1306.1666666666667,0.0,Stable
2025-04-19,0.0,0.0,1401.7142857142858,63.714285714285715,2025-04-01,1306.1666666666667,-0.28571428571422075,Declining
2025-04-20,1.0,0.0,1401.857142857143,63.714285714285715,2025-04-01,1306.2,0.14285714285711038,Increasing
2025-04-21,3114.0,23.0,1370.5714285714287,63.714285714285715,2025-04-01,1410.0,-31.28571428571422,Declining
2025-04-22,12540.0,380.0,2236.4285714285716,57.57142857142857,2025-04-01,1828.0,865.8571428571429,Increasing
2025-04-23,0.0,0.0,2236.4285714285716,57.57142857142857,2025-04-01,1686.8666666666666,0.0,Stable
2025-04-24,5.0,0.0,2237.1428571428573,57.57142857142857,2025-04-01,1476.4,0.7142857142857792,Increasing
2025-04-25,2.0,0.0,2237.4285714285716,57.57142857142857,2025-04-01,1476.4333333333334,0.28571428571422075,Increasing
2025-04-26,1.0,0.0,2237.5714285714284,57.57142857142857,2025-04-01,1476.4666666666667,0.142857142856883,Increasing
2025-04-27,0.0,0.0,2237.4285714285716,57.57142857142857,2025-04-01,1476.4666666666667,-0.142857142856883,Declining
2025-04-28,3101.0,15.0,2235.5714285714284,56.42857142857143,2025-04-01,1579.8333333333333,-1.857142857143117,Declining
2025-04-29,19447.0,331.0,3222.285714285714,49.42857142857143,2025-04-01,2228.0666666666666,986.7142857142858,Increasing
2025-04-30,0.0,0.0,3222.285714285714,49.42857142857143,2025-04-01,2094.366666666667,0.0,Stable
2025-05-01,8.0,0.0,3222.714285714286,49.42857142857143,2025-05-01,1903.1333333333334,0.4285714285715585,Increasing
2025-05-02,0.0,0.0,3222.4285714285716,49.42857142857143,2025-05-01,1903.1333333333334,-0.28571428571422075,Declining
2025-05-03,4.0,0.0,3222.8571428571427,49.42857142857143,2025-05-01,1903.2666666666667,0.42857142857110375,Increasing
2025-05-04,0.0,0.0,3222.8571428571427,49.42857142857143,2025-05-01,1903.2,0.0,Stable
2025-05-05,3069.0,20.0,3218.285714285714,50.142857142857146,2025-05-01,2005.4666666666667,-4.5714285714284415,Declining
2025-05-06,38834.0,313.0,5987.857142857143,47.57142857142857,2025-05-01,3299.9333333333334,2769.571428571429,Increasing
2025-05-07,7.0,0.0,5988.857142857143,47.57142857142857,2025-05-01,3175.133333333333,1.0,Increasing
2025-05-08,0.0,0.0,5987.714285714285,47.57142857142857,2025-05-01,2998.233333333333,-1.1428571428577925,Declining
2025-05-09,1.0,0.0,5987.857142857143,47.57142857142857,2025-05-01,2998.266666666667,0.1428571428577925,Increasing
2025-05-10,0.0,0.0,5987.285714285715,47.57142857142857,2025-05-01,2998.266666666667,-0.5714285714284415,Declining
2025-05-11,0.0,0.0,5987.285714285715,47.57142857142857,2025-05-01,2998.266666666667,0.0,Stable
2025-05-12,3393.0,14.0,6033.571428571428,46.714285714285715,2025-05-01,3111.3,46.285714285713766,Increasing
2025-05-13,65652.0,292.0,9864.714285714286,43.714285714285715,2025-05-01,5299.7,3831.142857142858,Increasing
2025-05-14,0.0,0.0,9863.714285714286,43.714285714285715,2025-05-01,5188.6,-1.0,Declining
2025-05-15,0.0,0.0,9863.714285714286,43.714285714285715,2025-05-01,4972.633333333333,0.0,Stable
2025-05-16,0.0,0.0,9863.57142857143,43.714285714285715,2025-05-01,4972.633333333333,-0.142857142856883,Declining
2025-05-17,1.0,0.0,9863.714285714286,43.714285714285715,2025-05-01,4972.666666666667,0.142857142856883,Increasing
2025-05-18,0.0,0.0,9863.714285714286,43.714285714285715,2025-05-01,4972.666666666667,0.0,Stable
2025-05-19,3719.0,21.0,9910.285714285714,44.714285714285715,2025-05-01,5096.633333333333,46.57142857142753,Increasing
2025-05-20,100201.0,237.0,14845.857142857143,36.857142857142854,2025-05-01,8436.633333333333,4935.571428571429,Increasing
2025-05-21,2.0,0.0,14846.142857142857,36.857142857142854,2025-05-01,8332.9,0.285714285713766,Increasing
2025-05-22,0.0,0.0,14846.142857142857,36.857142857142854,2025-05-01,7914.9,0.0,Stable
2025-05-23,0.0,0.0,14846.142857142857,36.857142857142854,2025-05-01,7914.9,0.0,Stable
2025-05-24,1.0,0.0,14846.142857142857,36.857142857142854,2025-05-01,7914.766666666666,0.0,Stable
2025-05-25,0.0,0.0,14846.142857142857,36.857142857142854,2025-05-01,7914.7,0.0,Stable
2025-05-26,4261.0,18.0,14923.57142857143,36.42857142857143,2025-05-01,8056.7,77.42857142857247,Increasing
2025-05-27,120521.0,274.0,17826.428571428572,41.714285714285715,2025-05-01,12074.066666666668,2902.857142857143,Increasing
2025-05-28,0.0,0.0,17826.14285714286,41.714285714285715,2025-05-01,11970.7,-0.285714285713766,Declining
2025-05-29,0.0,0.0,17826.14285714286,41.714285714285715,2025-05-01,11322.466666666667,0.0,Stable
2025-05-30,0.0,0.0,17826.14285714286,41.714285714285715,2025-05-01,11322.466666666667,0.0,Stable
2025-05-31,0.0,0.0,17826.0,41.714285714285715,2025-05-01,11322.2,-0.142857142858702,Declining
2025-06-01,0.0,0.0,17826.0,41.714285714285715,2025-06-01,11322.2,0.0,Stable
2025-06-02,4693.0,20.0,17887.714285714286,42.0,2025-06-01,11478.5,61.714285714286234,Increasing
2025-06-03,93419.0,313.0,14016.0,47.57142857142857,2025-06-01,14592.466666666667,-3871.7142857142862,Declining
2025-06-04,0.0,0.0,14016.0,47.57142857142857,2025-06-01,14490.166666666666,0.0,Stable
2025-06-05,0.0,0.0,14016.0,47.57142857142857,2025-06-01,13195.7,0.0,Stable
2025-06-06,0.0,0.0,14016.0,47.57142857142857,2025-06-01,13195.466666666667,0.0,Stable
2025-06-07,0.0,0.0,14016.0,47.57142857142857,2025-06-01,13195.466666666667,0.0,Stable
2025-06-08,0.0,0.0,14016.0,47.57142857142857,2025-06-01,13195.433333333332,0.0,Stable
2025-06-09,4703.0,24.0,14017.42857142857,48.142857142857146,2025-06-01,13352.2,1.428571428570649,Increasing
2025-06-10,65542.0,286.0,10035.0,44.285714285714285,2025-06-01,15536.933333333332,-3982.4285714285706,Declining
2025-06-11,0.0,0.0,10035.0,44.285714285714285,2025-06-01,15423.833333333334,0.0,Stable
2025-06-12,0.0,0.0,10035.0,44.285714285714285,2025-06-01,13235.433333333332,0.0,Stable
2025-06-13,0.0,0.0,10035.0,44.285714285714285,2025-06-01,13235.433333333332,0.0,Stable
2025-06-14,0.0,0.0,10035.0,44.285714285714285,2025-06-01,13235.433333333332,0.0,Stable
2025-06-15,0.0,0.0,10035.0,44.285714285714285,2025-06-01,13235.433333333332,0.0,Stable
2025-06-16,5020.0,34.0,10080.285714285714,45.714285714285715,2025-06-01,13402.733333333334,45.285714285713766,Increasing
2025-06-17,42580.0,285.0,6800.0,45.57142857142857,2025-06-01,14822.066666666668,-3280.2857142857138,Declining
2025-06-18,0.0,0.0,6800.0,45.57142857142857,2025-06-01,14698.1,0.0,Stable
2025-06-19,0.0,0.0,6800.0,45.57142857142857,2025-06-01,11358.066666666668,0.0,Stable
2025-06-20,0.0,0.0,6800.0,45.57142857142857,2025-06-01,11358.0,0.0,Stable
2025-06-21,0.0,0.0,6800.0,45.57142857142857,2025-06-01,11358.0,0.0,Stable
2025-06-22,0.0,0.0,6800.0,45.57142857142857,2025-06-01,11358.0,0.0,Stable
2025-06-23,4731.0,26.0,6758.714285714285,44.42857142857143,2025-06-01,11515.666666666666,-41.285714285714675,Declining
2025-06-24,25899.0,237.0,4375.714285714285,37.57142857142857,2025-06-01,12378.966666666667,-2383.0,Declining
2025-06-25,0.0,0.0,4375.714285714285,37.57142857142857,2025-06-01,12236.933333333332,0.0,Stable
2025-06-26,0.0,0.0,4375.714285714285,37.57142857142857,2025-06-01,8219.566666666668,0.0,Stable
2025-06-27,0.0,0.0,4375.714285714285,37.57142857142857,2025-06-01,8219.566666666668,0.0,Stable
2025-06-28,0.0,0.0,4375.714285714285,37.57142857142857,2025-06-01,8219.566666666668,0.0,Stable
2025-06-29,0.0,0.0,4375.714285714285,37.57142857142857,2025-06-01,8219.566666666668,0.0,Stable
2025-06-30,4867.0,28.0,4395.142857142857,37.857142857142854,2025-06-01,8381.8,19.42857142857156,Increasing
2025-07-01,24812.0,248.0,4239.857142857143,39.42857142857143,2025-07-01,9208.866666666667,-155.28571428571377,Declining
2025-07-02,0.0,0.0,4239.857142857143,39.42857142857143,2025-07-01,9052.433333333332,0.0,Stable
2025-07-03,0.0,0.0,4239.857142857143,39.42857142857143,2025-07-01,5938.466666666666,0.0,Stable
2025-07-04,0.0,0.0,4239.857142857143,39.42857142857143,2025-07-01,5938.466666666666,0.0,Stable
2025-07-05,0.0,0.0,4239.857142857143,39.42857142857143,2025-07-01,5938.466666666666,0.0,Stable
2025-07-06,0.0,0.0,4239.857142857143,39.42857142857143,2025-07-01,5938.466666666666,0.0,Stable
2025-07-07,5264.0,27.0,4296.571428571428,39.285714285714285,2025-07-01,6113.933333333333,56.714285714285325,Increasing
2025-07-08,13917.0,224.0,2740.1428571428573,35.857142857142854,2025-07-01,6577.833333333333,-1556.428571428571,Declining
2025-07-09,0.0,0.0,2740.1428571428573,35.857142857142854,2025-07-01,6421.066666666667,0.0,Stable
2025-07-10,0.0,0.0,2740.1428571428573,35.857142857142854,2025-07-01,4236.333333333333,0.0,Stable
2025-07-11,0.0,0.0,2740.1428571428573,35.857142857142854,2025-07-01,4236.333333333333,0.0,Stable
2025-07-12,0.0,0.0,2740.1428571428573,35.857142857142854,2025-07-01,4236.333333333333,0.0,Stable
2025-07-13,0.0,0.0,2740.1428571428573,35.857142857142854,2025-07-01,4236.333333333333,0.0,Stable
2025-07-14,5798.0,30.0,2816.4285714285716,36.285714285714285,2025-07-01,4429.6,76.28571428571422,Increasing
2025-07-15,10664.0,235.0,2351.714285714286,37.857142857142854,2025-07-01,4785.066666666667,-464.7142857142858,Declining
2025-07-16,0.0,0.0,2351.714285714286,37.857142857142854,2025-07-01,4617.733333333334,0.0,Stable
2025-07-17,0.0,0.0,2351.714285714286,37.857142857142854,2025-07-01,3198.4,0.0,Stable
2025-07-18,0.0,0.0,2351.714285714286,37.857142857142854,2025-07-01,3198.4,0.0,Stable
2025-07-19,0.0,0.0,2351.714285714286,37.857142857142854,2025-07-01,3198.4,0.0,Stable
2025-07-20,0.0,0.0,2351.714285714286,37.857142857142854,2025-07-01,3198.4,0.0,Stable
2025-07-21,6093.0,38.0,2393.8571428571427,39.0,2025-07-01,3401.5,42.14285714285688,Increasing
2025-07-22,8742.0,227.0,2119.285714285714,37.857142857142854,2025-07-01,3692.9,-274.57142857142844,Declining
2025-07-23,0.0,0.0,2119.285714285714,37.857142857142854,2025-07-01,3535.2,0.0,Stable
2025-07-24,0.0,0.0,2119.285714285714,37.857142857142854,2025-07-01,2671.9,0.0,Stable
2025-07-25,0.0,0.0,2119.285714285714,37.857142857142854,2025-07-01,2671.9,0.0,Stable
2025-07-26,0.0,0.0,2119.285714285714,37.857142857142854,2025-07-01,2671.9,0.0,Stable
2025-07-27,0.0,0.0,2119.285714285714,37.857142857142854,2025-07-01,2671.9,0.0,Stable
2025-07-28,7084.0,50.0,2260.8571428571427,39.57142857142857,2025-07-01,2908.0333333333333,141.57142857142844,Increasing
2025-07-29,8303.0,257.0,2198.1428571428573,43.857142857142854,2025-07-01,3184.8,-62.714285714285325,Declining
2025-07-30,0.0,0.0,2198.1428571428573,43.857142857142854,2025-07-01,3022.5666666666666,0.0,Stable
2025-07-31,0.0,0.0,2198.1428571428573,43.857142857142854,2025-07-01,2195.5,0.0,Stable
2025-08-01,0.0,0.0,2198.1428571428573,43.857142857142854,2025-08-01,2195.5,0.0,Stable
2025-08-02,0.0,0.0,2198.1428571428573,43.857142857142854,2025-08-01,2195.5,0.0,Stable
2025-08-03,0.0,0.0,2198.1428571428573,43.857142857142854,2025-08-01,2195.5,0.0,Stable
2025-08-04,8998.0,57.0,2471.5714285714284,44.857142857142854,2025-08-01,2495.4333333333334,273.4285714285711,Increasing
2025-08-05,9015.0,279.0,2573.285714285714,48.0,2025-08-01,2795.9333333333334,101.71428571428578,Increasing
2025-08-06,0.0,0.0,2573.285714285714,48.0,2025-08-01,2620.4666666666667,0.0,Stable
2025-08-07,0.0,0.0,2573.285714285714,48.0,2025-08-01,2156.5666666666666,0.0,Stable
2025-08-08,0.0,0.0,2573.285714285714,48.0,2025-08-01,2156.5666666666666,0.0,Stable
2025-08-09,0.0,0.0,2573.285714285714,48.0,2025-08-01,2156.5666666666666,0.0,Stable
2025-08-10,0.0,0.0,2573.285714285714,48.0,2025-08-01,2156.5666666666666,0.0,Stable
2025-08-11,10710.0,46.0,2817.8571428571427,46.42857142857143,2025-08-01,2513.5666666666666,244.57142857142844,Increasing
2025-08-12,11174.0,329.0,3126.285714285714,53.57142857142857,2025-08-01,2886.0333333333333,308.42857142857156,Increasing
2025-08-13,0.0,0.0,3126.285714285714,53.57142857142857,2025-08-01,2692.766666666667,0.0,Stable
2025-08-14,0.0,0.0,3126.285714285714,53.57142857142857,2025-08-01,2337.3,0.0,Stable
2025-08-15,0.0,0.0,3126.285714285714,53.57142857142857,2025-08-01,2337.3,0.0,Stable
2025-08-16,0.0,0.0,3126.285714285714,53.57142857142857,2025-08-01,2337.3,0.0,Stable
2025-08-17,0.0,0.0,3126.285714285714,53.57142857142857,2025-08-01,2337.3,0.0,Stable
2025-08-18,14746.0,66.0,3702.8571428571427,56.42857142857143,2025-08-01,2828.8333333333335,576.5714285714284,Increasing
2025-08-19,12822.0,359.0,3938.285714285714,60.714285714285715,2025-08-01,3256.233333333333,235.42857142857156,Increasing
2025-08-20,0.0,0.0,3938.285714285714,60.714285714285715,2025-08-01,3053.133333333333,0.0,Stable
2025-08-21,0.0,0.0,3938.285714285714,60.714285714285715,2025-08-01,2761.733333333333,0.0,Stable
2025-08-22,0.0,0.0,3938.285714285714,60.714285714285715,2025-08-01,2761.733333333333,0.0,Stable
2025-08-23,0.0,0.0,3938.285714285714,60.714285714285715,2025-08-01,2761.733333333333,0.0,Stable
2025-08-24,0.0,0.0,3938.285714285714,60.714285714285715,2025-08-01,2761.733333333333,0.0,Stable
2025-08-25,17552.0,59.0,4339.142857142857,59.714285714285715,2025-08-01,3346.8,400.85714285714266,Increasing
2025-08-26,11677.0,421.0,4175.571428571428,68.57142857142857,2025-08-01,3736.0333333333333,-163.57142857142844,Declining
2025-08-27,0.0,0.0,4175.571428571428,68.57142857142857,2025-08-01,3499.9,0.0,Stable
2025-08-28,0.0,0.0,4175.571428571428,68.57142857142857,2025-08-01,3223.133333333333,0.0,Stable
2025-08-29,0.0,0.0,4175.571428571428,68.57142857142857,2025-08-01,3223.133333333333,0.0,Stable
2025-08-30,0.0,0.0,4175.571428571428,68.57142857142857,2025-08-01,3223.133333333333,0.0,Stable
2025-08-31,0.0,0.0,4175.571428571428,68.57142857142857,2025-08-01,3223.133333333333,0.0,Stable
2025-09-01,22499.0,64.0,4882.285714285715,69.28571428571429,2025-09-01,3973.1,706.7142857142862,Increasing
2025-09-02,11629.0,491.0,4875.428571428572,79.28571428571429,2025-09-01,4360.733333333334,-6.857142857143117,Declining
2025-09-03,0.0,0.0,4875.428571428572,79.28571428571429,2025-09-01,4060.8,0.0,Stable
2025-09-04,0.0,0.0,4875.428571428572,79.28571428571429,2025-09-01,3760.3,0.0,Stable
2025-09-05,0.0,0.0,4875.428571428572,79.28571428571429,2025-09-01,3760.3,0.0,Stable
2025-09-06,0.0,0.0,4875.428571428572,79.28571428571429,2025-09-01,3760.3,0.0,Stable
2025-09-07,0.0,0.0,4875.428571428572,79.28571428571429,2025-09-01,3760.3,0.0,Stable
2025-09-08,26856.0,86.0,5497.857142857143,82.42857142857143,2025-09-01,4655.5,622.4285714285716,Increasing
2025-09-09,11589.0,491.0,5492.142857142857,82.42857142857143,2025-09-01,5041.8,-5.714285714286234,Declining
2025-09-10,0.0,0.0,5492.142857142857,82.42857142857143,2025-09-01,4684.8,0.0,Stable
2025-09-11,0.0,0.0,5492.142857142857,82.42857142857143,2025-09-01,4312.333333333333,0.0,Stable
2025-09-12,0.0,0.0,5492.142857142857,82.42857142857143,2025-09-01,4312.333333333333,0.0,Stable
2025-09-13,0.0,0.0,5492.142857142857,82.42857142857143,2025-09-01,4312.333333333333,0.0,Stable
2025-09-14,0.0,0.0,5492.142857142857,82.42857142857143,2025-09-01,4312.333333333333,0.0,Stable
2025-09-15,29375.0,75.0,5852.0,80.85714285714286,2025-09-01,5291.5,359.8571428571431,Increasing
2025-09-16,11971.0,505.0,5906.571428571428,82.85714285714286,2025-09-01,5690.533333333334,54.57142857142844,Increasing
2025-09-17,0.0,0.0,5906.571428571428,82.85714285714286,2025-09-01,5199.0,0.0,Stable
2025-09-18,0.0,0.0,5906.571428571428,82.85714285714286,2025-09-01,4771.6,0.0,Stable
2025-09-19,0.0,0.0,5906.571428571428,82.85714285714286,2025-09-01,4771.6,0.0,Stable
2025-09-20,0.0,0.0,5906.571428571428,82.85714285714286,2025-09-01,4771.6,0.0,Stable
2025-09-21,0.0,0.0,5906.571428571428,82.85714285714286,2025-09-01,4771.6,0.0,Stable
2025-09-22,29810.0,77.0,5968.714285714285,83.14285714285714,2025-09-01,5765.266666666666,62.14285714285688,Increasing
2025-09-23,11033.0,528.0,5834.714285714285,86.42857142857143,2025-09-01,6133.033333333334,-134.0,Declining
2025-09-24,0.0,0.0,5834.714285714285,86.42857142857143,2025-09-01,5547.966666666666,0.0,Stable
2025-09-25,0.0,0.0,5834.714285714285,86.42857142857143,2025-09-01,5158.733333333334,0.0,Stable
2025-09-26,0.0,0.0,5834.714285714285,86.42857142857143,2025-09-01,5158.733333333334,0.0,Stable
2025-09-27,0.0,0.0,5834.714285714285,86.42857142857143,2025-09-01,5158.733333333334,0.0,Stable
2025-09-28,0.0,0.0,5834.714285714285,86.42857142857143,2025-09-01,5158.733333333334,0.0,Stable
2025-09-29,26400.0,108.0,5347.571428571428,90.85714285714286,2025-09-01,6038.733333333334,-487.1428571428569,Declining
2025-09-30,11617.0,456.0,5431.0,80.57142857142857,2025-09-01,6425.966666666666,83.42857142857156,Increasing
2025-10-01,0.0,0.0,5431.0,80.57142857142857,2025-10-01,5676.0,0.0,Stable
2025-10-02,0.0,0.0,5431.0,80.57142857142857,2025-10-01,5288.366666666667,0.0,Stable
2025-10-03,0.0,0.0,5431.0,80.57142857142857,2025-10-01,5288.366666666667,0.0,Stable
2025-10-04,0.0,0.0,5431.0,80.57142857142857,2025-10-01,5288.366666666667,0.0,Stable
2025-10-05,0.0,0.0,5431.0,80.57142857142857,2025-10-01,5288.366666666667,0.0,Stable
2025-10-06,26902.0,80.0,5502.714285714285,76.57142857142857,2025-10-01,6185.1,71.71428571428532,Increasing
2025-10-07,10524.0,379.0,5346.571428571428,65.57142857142857,2025-10-01,6535.9,-156.14285714285688,Declining
2025-10-08,0.0,0.0,5346.571428571428,65.57142857142857,2025-10-01,5640.7,0.0,Stable
2025-10-09,0.0,0.0,5346.571428571428,65.57142857142857,2025-10-01,5254.4,0.0,Stable
2025-10-10,0.0,0.0,5346.571428571428,65.57142857142857,2025-10-01,5254.4,0.0,Stable
2025-10-11,0.0,0.0,5346.571428571428,65.57142857142857,2025-10-01,5254.4,0.0,Stable
2025-10-12,0.0,0.0,5346.571428571428,65.57142857142857,2025-10-01,5254.4,0.0,Stable
2025-10-13,22140.0,94.0,4666.285714285715,67.57142857142857,2025-10-01,5992.4,-680.2857142857138,Declining
2025-10-14,10643.0,318.0,4683.285714285715,58.857142857142854,2025-10-01,6347.166666666667,17.0,Increasing
2025-10-15,0.0,0.0,4683.285714285715,58.857142857142854,2025-10-01,5368.0,0.0,Stable
2025-10-16,0.0,0.0,4683.285714285715,58.857142857142854,2025-10-01,4968.966666666666,0.0,Stable
2025-10-17,0.0,0.0,4683.285714285715,58.857142857142854,2025-10-01,4968.966666666666,0.0,Stable
2025-10-18,0.0,0.0,4683.285714285715,58.857142857142854,2025-10-01,4968.966666666666,0.0,Stable
2025-10-19,0.0,0.0,4683.285714285715,58.857142857142854,2025-10-01,4968.966666666666,0.0,Stable
2025-10-20,19890.0,98.0,4361.857142857143,59.42857142857143,2025-10-01,5631.966666666666,-321.42857142857156,Declining
2025-10-21,10065.0,296.0,4279.285714285715,56.285714285714285,2025-10-01,5967.466666666666,-82.57142857142844,Declining
2025-10-22,0.0,0.0,4279.285714285715,56.285714285714285,2025-10-01,4973.8,0.0,Stable
2025-10-23,0.0,0.0,4279.285714285715,56.285714285714285,2025-10-01,4606.033333333334,0.0,Stable
2025-10-24,0.0,0.0,4279.285714285715,56.285714285714285,2025-10-01,4606.033333333334,0.0,Stable
2025-10-25,0.0,0.0,4279.285714285715,56.285714285714285,2025-10-01,4606.033333333334,0.0,Stable
2025-10-26,0.0,0.0,4279.285714285715,56.285714285714285,2025-10-01,4606.033333333334,0.0,Stable
2025-10-27,15230.0,85.0,3613.5714285714284,54.42857142857143,2025-10-01,5113.7,-665.7142857142862,Declining
2025-10-28,9486.0,269.0,3530.8571428571427,50.57142857142857,2025-10-01,5429.9,-82.71428571428578,Declining
2025-10-29,0.0,0.0,3530.8571428571427,50.57142857142857,2025-10-01,4549.9,0.0,Stable
2025-10-30,0.0,0.0,3530.8571428571427,50.57142857142857,2025-10-01,4162.666666666667,0.0,Stable
2025-10-31,0.0,0.0,3530.8571428571427,50.57142857142857,2025-10-01,4162.666666666667,0.0,Stable
2025-11-01,0.0,0.0,3530.8571428571427,50.57142857142857,2025-11-01,4162.666666666667,0.0,Stable
2025-11-02,0.0,0.0,3530.8571428571427,50.57142857142857,2025-11-01,4162.666666666667,0.0,Stable
2025-11-03,12748.0,71.0,3176.285714285714,48.57142857142857,2025-11-01,4587.6,-354.57142857142844,Declining
2025-11-04,9745.0,228.0,3213.285714285714,42.714285714285715,2025-11-01,4912.433333333333,37.0,Increasing
2025-11-05,0.0,0.0,3213.285714285714,42.714285714285715,2025-11-01,4015.7,0.0,Stable
2025-11-06,0.0,0.0,3213.285714285714,42.714285714285715,2025-11-01,3664.9,0.0,Stable
2025-11-07,0.0,0.0,3213.285714285714,42.714285714285715,2025-11-01,3664.9,0.0,Stable
2025-11-08,0.0,0.0,3213.285714285714,42.714285714285715,2025-11-01,3664.9,0.0,Stable
2025-11-09,0.0,0.0,3213.285714285714,42.714285714285715,2025-11-01,3664.9,0.0,Stable
2025-11-10,9681.0,43.0,2775.1428571428573,38.714285714285715,2025-11-01,3987.6,-438.1428571428569,Declining
2025-11-11,10129.0,236.0,2830.0,39.857142857142854,2025-11-01,4325.233333333334,54.85714285714266,Increasing
2025-11-12,0.0,0.0,2830.0,39.857142857142854,2025-11-01,3587.233333333333,0.0,Stable
2025-11-13,0.0,0.0,2830.0,39.857142857142854,2025-11-01,3232.4666666666667,0.0,Stable
2025-11-14,0.0,0.0,2830.0,39.857142857142854,2025-11-01,3232.4666666666667,0.0,Stable
2025-11-15,0.0,0.0,2830.0,39.857142857142854,2025-11-01,3232.4666666666667,0.0,Stable
2025-11-16,0.0,0.0,2830.0,39.857142857142854,2025-11-01,3232.4666666666667,0.0,Stable
2025-11-17,8899.0,52.0,2718.285714285714,41.142857142857146,2025-11-01,3529.1,-111.71428571428578,Declining
2025-11-18,8137.0,241.0,2433.714285714286,41.857142857142854,2025-11-01,3800.3333333333335,-284.57142857142844,Declining
2025-11-19,0.0,0.0,2433.714285714286,41.857142857142854,2025-11-01,3137.3333333333335,0.0,Stable
2025-11-20,0.0,0.0,2433.714285714286,41.857142857142854,2025-11-01,2801.8333333333335,0.0,Stable
2025-11-21,0.0,0.0,2433.714285714286,41.857142857142854,2025-11-01,2801.8333333333335,0.0,Stable
2025-11-22,0.0,0.0,2433.714285714286,41.857142857142854,2025-11-01,2801.8333333333335,0.0,Stable
2025-11-23,0.0,0.0,2433.714285714286,41.857142857142854,2025-11-01,2801.8333333333335,0.0,Stable
2025-11-24,8738.0,41.0,2410.714285714286,40.285714285714285,2025-11-01,3093.1,-23.0,Declining
2025-11-25,7943.0,219.0,2383.0,37.142857142857146,2025-11-01,3357.866666666667,-27.71428571428578,Declining
2025-11-26,0.0,0.0,2383.0,37.142857142857146,2025-11-01,2850.2,0.0,Stable
2025-11-27,0.0,0.0,2383.0,37.142857142857146,2025-11-01,2534.0,0.0,Stable
2025-11-28,0.0,0.0,2383.0,37.142857142857146,2025-11-01,2534.0,0.0,Stable
2025-11-29,0.0,0.0,2383.0,37.142857142857146,2025-11-01,2534.0,0.0,Stable
2025-11-30,0.0,0.0,2383.0,37.142857142857146,2025-11-01,2534.0,0.0,Stable
2025-12-01,9926.0,57.0,2552.714285714286,39.42857142857143,2025-12-01,2864.866666666667,169.71428571428578,Increasing
2025-12-02,7282.0,221.0,2458.285714285714,39.714285714285715,2025-12-01,3107.6,-94.42857142857156,Declining
2025-12-03,0.0,0.0,2458.285714285714,39.714285714285715,2025-12-01,2682.6666666666665,0.0,Stable
2025-12-04,0.0,0.0,2458.285714285714,39.714285714285715,2025-12-01,2357.8333333333335,0.0,Stable
2025-12-05,0.0,0.0,2458.285714285714,39.714285714285715,2025-12-01,2357.8333333333335,0.0,Stable
2025-12-06,0.0,0.0,2458.285714285714,39.714285714285715,2025-12-01,2357.8333333333335,0.0,Stable
2025-12-07,0.0,0.0,2458.285714285714,39.714285714285715,2025-12-01,2357.8333333333335,0.0,Stable
2025-12-08,10070.0,54.0,2478.8571428571427,39.285714285714285,2025-12-01,2693.5,20.57142857142844,Increasing
2025-12-09,6198.0,261.0,2324.0,45.0,2025-12-01,2900.1,-154.85714285714266,Declining
2025-12-10,0.0,0.0,2324.0,45.0,2025-12-01,2577.4,0.0,Stable
2025-12-11,0.0,0.0,2324.0,45.0,2025-12-01,2239.766666666667,0.0,Stable
2025-12-12,0.0,0.0,2324.0,45.0,2025-12-01,2239.766666666667,0.0,Stable
2025-12-13,0.0,0.0,2324.0,45.0,2025-12-01,2239.766666666667,0.0,Stable
2025-12-14,0.0,0.0,2324.0,45.0,2025-12-01,2239.766666666667,0.0,Stable
2025-12-15,8776.0,50.0,2139.1428571428573,44.42857142857143,2025-12-01,2532.3,-184.85714285714266,Declining
2025-12-16,4846.0,310.0,1946.0,51.42857142857143,2025-12-01,2693.8333333333335,-193.14285714285734,Declining
2025-12-17,0.0,0.0,1946.0,51.42857142857143,2025-12-01,2397.2,0.0,Stable
2025-12-18,0.0,0.0,1946.0,51.42857142857143,2025-12-01,2125.9666666666667,0.0,Stable
2025-12-19,0.0,0.0,1946.0,51.42857142857143,2025-12-01,2125.9666666666667,0.0,Stable
2025-12-20,0.0,0.0,1946.0,51.42857142857143,2025-12-01,2125.9666666666667,0.0,Stable
2025-12-21,0.0,0.0,1946.0,51.42857142857143,2025-12-01,2125.9666666666667,0.0,Stable
2025-12-22,6587.0,49.0,1633.2857142857142,51.285714285714285,2025-12-01,2345.5333333333333,-312.7142857142858,Declining
2025-12-23,2815.0,351.0,1343.142857142857,57.142857142857146,2025-12-01,2439.366666666667,-290.1428571428571,Declining
2025-12-24,0.0,0.0,1343.142857142857,57.142857142857146,2025-12-01,2148.1,0.0,Stable
2025-12-25,0.0,0.0,1343.142857142857,57.142857142857146,2025-12-01,1883.3333333333333,0.0,Stable
2025-12-26,0.0,0.0,1343.142857142857,57.142857142857146,2025-12-01,1883.3333333333333,0.0,Stable
2025-12-27,0.0,0.0,1343.142857142857,57.142857142857146,2025-12-01,1883.3333333333333,0.0,Stable
2025-12-28,0.0,0.0,1343.142857142857,57.142857142857146,2025-12-01,1883.3333333333333,0.0,Stable
2025-12-29,6972.0,73.0,1398.142857142857,60.57142857142857,2025-12-01,2115.733333333333,55.0,Increasing
2025-12-30,1335.0,434.0,1186.7142857142858,72.42857142857143,2025-12-01,2160.233333333333,-211.42857142857133,Declining
2025-12-31,0.0,0.0,1186.7142857142858,72.42857142857143,2025-12-01,1829.3666666666666,0.0,Stable
2026-01-01,0.0,0.0,1186.7142857142858,72.42857142857143,2026-01-01,1586.6333333333334,0.0,Stable
2026-01-02,0.0,0.0,1186.7142857142858,72.42857142857143,2026-01-01,1586.6333333333334,0.0,Stable
2026-01-03,0.0,0.0,1186.7142857142858,72.42857142857143,2026-01-01,1586.6333333333334,0.0,Stable
2026-01-04,0.0,0.0,1186.7142857142858,72.42857142857143,2026-01-01,1586.6333333333334,0.0,Stable
2026-01-05,7566.0,63.0,1271.5714285714287,71.0,2026-01-01,1838.8333333333333,84.85714285714289,Increasing
2026-01-06,6008.0,543.0,1939.142857142857,86.57142857142857,2026-01-01,2039.1,667.5714285714284,Increasing
2026-01-07,0.0,0.0,1939.142857142857,86.57142857142857,2026-01-01,1703.4333333333334,0.0,Stable
2026-01-08,0.0,0.0,1939.142857142857,86.57142857142857,2026-01-01,1496.8333333333333,0.0,Stable
2026-01-09,0.0,0.0,1939.142857142857,86.57142857142857,2026-01-01,1496.8333333333333,0.0,Stable
2026-01-10,0.0,0.0,1939.142857142857,86.57142857142857,2026-01-01,1496.8333333333333,0.0,Stable
2026-01-11,0.0,0.0,1939.142857142857,86.57142857142857,2026-01-01,1496.8333333333333,0.0,Stable
2026-01-12,6595.0,66.0,1800.4285714285713,87.0,2026-01-01,1716.6666666666667,-138.71428571428578,Declining
2026-01-13,5379.0,511.0,1710.5714285714287,82.42857142857143,2026-01-01,1895.9666666666667,-89.85714285714266,Declining
2026-01-14,0.0,0.0,1710.5714285714287,82.42857142857143,2026-01-01,1603.4333333333334,0.0,Stable
2026-01-15,0.0,0.0,1710.5714285714287,82.42857142857143,2026-01-01,1441.9,0.0,Stable
2026-01-16,0.0,0.0,1710.5714285714287,82.42857142857143,2026-01-01,1441.9,0.0,Stable
2026-01-17,0.0,0.0,1710.5714285714287,82.42857142857143,2026-01-01,1441.9,0.0,Stable
2026-01-18,0.0,0.0,1710.5714285714287,82.42857142857143,2026-01-01,1441.9,0.0,Stable
2026-01-19,6800.0,55.0,1739.857142857143,80.85714285714286,2026-01-01,1668.5666666666666,29.28571428571422,Increasing
2026-01-20,5341.0,461.0,1734.4285714285713,73.71428571428571,2026-01-01,1846.6,-5.4285714285715585,Declining
2026-01-21,0.0,0.0,1734.4285714285713,73.71428571428571,2026-01-01,1627.0333333333333,0.0,Stable
2026-01-22,0.0,0.0,1734.4285714285713,73.71428571428571,2026-01-01,1533.2,0.0,Stable
2026-01-23,0.0,0.0,1734.4285714285713,73.71428571428571,2026-01-01,1533.2,0.0,Stable
2026-01-24,0.0,0.0,1734.4285714285713,73.71428571428571,2026-01-01,1533.2,0.0,Stable
2026-01-25,0.0,0.0,1734.4285714285713,73.71428571428571,2026-01-01,1533.2,0.0,Stable
2026-01-26,7389.0,55.0,1818.5714285714287,73.71428571428571,2026-01-01,1779.5,84.14285714285734,Increasing
2026-01-27,5146.0,436.0,1790.7142857142858,70.14285714285714,2026-01-01,1951.0333333333333,-27.85714285714289,Declining
2026-01-28,0.0,0.0,1790.7142857142858,70.14285714285714,2026-01-01,1718.6333333333334,0.0,Stable
2026-01-29,0.0,0.0,1790.7142857142858,70.14285714285714,2026-01-01,1674.1333333333334,0.0,Stable
2026-01-30,0.0,0.0,1790.7142857142858,70.14285714285714,2026-01-01,1674.1333333333334,0.0,Stable
2026-01-31,0.0,0.0,1790.7142857142858,70.14285714285714,2026-01-01,1674.1333333333334,0.0,Stable
2026-02-01,0.0,0.0,1790.7142857142858,70.14285714285714,2026-02-01,1674.1333333333334,0.0,Stable
2026-02-02,7018.0,49.0,1737.7142857142858,69.28571428571429,2026-02-01,1908.0666666666666,-53.0,Declining
2026-02-03,5961.0,438.0,1854.142857142857,69.57142857142857,2026-02-01,2106.766666666667,116.42857142857133,Increasing
2026-02-04,0.0,0.0,1854.142857142857,69.57142857142857,2026-02-01,1854.5666666666666,0.0,Stable
2026-02-05,0.0,0.0,1854.142857142857,69.57142857142857,2026-02-01,1654.3,0.0,Stable
2026-02-06,0.0,0.0,1854.142857142857,69.57142857142857,2026-02-01,1654.3,0.0,Stable
2026-02-07,0.0,0.0,1854.142857142857,69.57142857142857,2026-02-01,1654.3,0.0,Stable
2026-02-08,0.0,0.0,1854.142857142857,69.57142857142857,2026-02-01,1654.3,0.0,Stable
2026-02-09,6922.0,35.0,1840.4285714285713,67.57142857142857,2026-02-01,1885.0333333333333,-13.71428571428578,Declining
2026-02-10,6703.0,372.0,1946.4285714285713,58.142857142857146,2026-02-01,2108.4666666666667,106.0,Increasing
2026-02-11,0.0,0.0,1946.4285714285713,58.142857142857146,2026-02-01,1888.6333333333334,0.0,Stable
2026-02-12,0.0,0.0,1946.4285714285713,58.142857142857146,2026-02-01,1709.3333333333333,0.0,Stable
2026-02-13,0.0,0.0,1946.4285714285713,58.142857142857146,2026-02-01,1709.3333333333333,0.0,Stable
2026-02-14,0.0,0.0,1946.4285714285713,58.142857142857146,2026-02-01,1709.3333333333333,0.0,Stable
2026-02-15,0.0,0.0,1946.4285714285713,58.142857142857146,2026-02-01,1709.3333333333333,0.0,Stable
2026-02-16,5261.0,53.0,1709.142857142857,60.714285714285715,2026-02-01,1884.7,-237.28571428571422,Declining
2026-02-17,7810.0,370.0,1867.2857142857142,60.42857142857143,2026-02-01,2145.0333333333333,158.1428571428571,Increasing
2026-02-18,0.0,0.0,1867.2857142857142,60.42857142857143,2026-02-01,1918.3666666666666,0.0,Stable
2026-02-19,0.0,0.0,1867.2857142857142,60.42857142857143,2026-02-01,1740.3333333333333,0.0,Stable
2026-02-20,0.0,0.0,1867.2857142857142,60.42857142857143,2026-02-01,1740.3333333333333,0.0,Stable
2026-02-21,0.0,0.0,1867.2857142857142,60.42857142857143,2026-02-01,1740.3333333333333,0.0,Stable
2026-02-22,0.0,0.0,1867.2857142857142,60.42857142857143,2026-02-01,1740.3333333333333,0.0,Stable
2026-02-23,4367.0,50.0,1739.5714285714287,60.0,2026-02-01,1885.9,-127.71428571428555,Declining
2026-02-24,7443.0,335.0,1687.142857142857,55.0,2026-02-01,2134.0,-52.42857142857156,Declining
2026-02-25,0.0,0.0,1687.142857142857,55.0,2026-02-01,1887.7,0.0,Stable
2026-02-26,0.0,0.0,1687.142857142857,55.0,2026-02-01,1716.1666666666667,0.0,Stable
2026-02-27,0.0,0.0,1687.142857142857,55.0,2026-02-01,1716.1666666666667,0.0,Stable
2026-02-28,0.0,0.0,1687.142857142857,55.0,2026-02-01,1716.1666666666667,0.0,Stable
2026-03-01,0.0,0.0,1687.142857142857,55.0,2026-03-01,1716.1666666666667,0.0,Stable
2026-03-02,3572.0,36.0,1573.5714285714287,53.0,2026-03-01,1835.2333333333333,-113.57142857142844,Declining
2026-03-03,8043.0,321.0,1659.2857142857142,51.0,2026-03-01,2103.3333333333335,85.71428571428555,Increasing
2026-03-04,0.0,0.0,1659.2857142857142,51.0,2026-03-01,1869.4,0.0,Stable
2026-03-05,0.0,0.0,1659.2857142857142,51.0,2026-03-01,1670.7,0.0,Stable
2026-03-06,0.0,0.0,1659.2857142857142,51.0,2026-03-01,1670.7,0.0,Stable
2026-03-07,0.0,0.0,1659.2857142857142,51.0,2026-03-01,1670.7,0.0,Stable
2026-03-08,0.0,0.0,1659.2857142857142,51.0,2026-03-01,1670.7,0.0,Stable
2026-03-09,3026.0,35.0,1581.2857142857142,50.857142857142854,2026-03-01,1771.5666666666666,-78.0,Declining
2026-03-10,6227.0,251.0,1321.857142857143,40.857142857142854,2026-03-01,1979.1333333333334,-259.42857142857133,Declining
2026-03-11,0.0,0.0,1321.857142857143,40.857142857142854,2026-03-01,1748.4,0.0,Stable
2026-03-12,0.0,0.0,1321.857142857143,40.857142857142854,2026-03-01,1524.9666666666667,0.0,Stable
2026-03-13,0.0,0.0,1321.857142857143,40.857142857142854,2026-03-01,1524.9666666666667,0.0,Stable
2026-03-14,0.0,0.0,1321.857142857143,40.857142857142854,2026-03-01,1524.9666666666667,0.0,Stable
2026-03-15,0.0,0.0,1321.857142857143,40.857142857142854,2026-03-01,1524.9666666666667,0.0,Stable
2026-03-16,2578.0,32.0,1257.857142857143,40.42857142857143,2026-03-01,1610.9,-64.0,Declining
2026-03-17,5208.0,226.0,1112.2857142857142,36.857142857142854,2026-03-01,1784.5,-145.57142857142867,Declining
2026-03-18,0.0,0.0,1112.2857142857142,36.857142857142854,2026-03-01,1609.1333333333334,0.0,Stable
2026-03-19,0.0,0.0,1112.2857142857142,36.857142857142854,2026-03-01,1348.8,0.0,Stable
2026-03-20,0.0,0.0,1112.2857142857142,36.857142857142854,2026-03-01,1348.8,0.0,Stable
2026-03-21,0.0,0.0,1112.2857142857142,36.857142857142854,2026-03-01,1348.8,0.0,Stable
2026-03-22,0.0,0.0,1112.2857142857142,36.857142857142854,2026-03-01,1348.8,0.0,Stable
2026-03-23,2189.0,27.0,1056.7142857142858,36.142857142857146,2026-03-01,1421.7666666666667,-55.57142857142844,Declining
2026-03-24,3906.0,210.0,870.7142857142857,33.857142857142854,2026-03-01,1551.9666666666667,-186.0000000000001,Declining
2026-03-25,0.0,0.0,870.7142857142857,33.857142857142854,2026-03-01,1406.4,0.0,Stable
2026-03-26,0.0,0.0,870.7142857142857,33.857142857142854,2026-03-01,1158.3,0.0,Stable
2026-03-27,0.0,0.0,870.7142857142857,33.857142857142854,2026-03-01,1158.3,0.0,Stable
2026-03-28,0.0,0.0,870.7142857142857,33.857142857142854,2026-03-01,1158.3,0.0,Stable
2026-03-29,0.0,0.0,870.7142857142857,33.857142857142854,2026-03-01,1158.3,0.0,Stable
2026-03-30,1700.0,24.0,800.8571428571429,33.42857142857143,2026-03-01,1214.9666666666667,-69.85714285714278,Declining
2026-03-31,2922.0,187.0,660.2857142857143,30.142857142857142,2026-03-01,1312.3666666666666,-140.57142857142856,Declining
2026-04-01,0.0,0.0,660.2857142857143,30.142857142857142,2026-04-01,1193.3,0.0,Stable
2026-04-02,0.0,0.0,660.2857142857143,30.142857142857142,2026-04-01,925.2,0.0,Stable
2026-04-03,0.0,0.0,660.2857142857143,30.142857142857142,2026-04-01,925.2,0.0,Stable
2026-04-04,0.0,0.0,660.2857142857143,30.142857142857142,2026-04-01,925.2,0.0,Stable
2026-04-05,0.0,0.0,660.2857142857143,30.142857142857142,2026-04-01,925.2,0.0,Stable
2026-04-06,1158.0,14.0,582.8571428571429,28.714285714285715,2026-04-01,963.8,-77.42857142857144,Declining
2026-04-07,2879.0,160.0,576.7142857142857,24.857142857142858,2026-04-01,1059.7666666666667,-6.142857142857224,Declining
2026-04-08,0.0,0.0,576.7142857142857,24.857142857142858,2026-04-01,958.9,0.0,Stable
2026-04-09,0.0,0.0,576.7142857142857,24.857142857142858,2026-04-01,751.3333333333334,0.0,Stable
2026-04-10,0.0,0.0,576.7142857142857,24.857142857142858,2026-04-01,751.3333333333334,0.0,Stable
2026-04-11,0.0,0.0,576.7142857142857,24.857142857142858,2026-04-01,751.3333333333334,0.0,Stable
2026-04-12,0.0,0.0,576.7142857142857,24.857142857142858,2026-04-01,751.3333333333334,0.0,Stable
2026-04-13,1031.0,5.0,558.5714285714286,23.571428571428573,2026-04-01,785.7,-18.14285714285711,Declining
2026-04-14,2728.0,163.0,537.0,24.0,2026-04-01,876.6333333333333,-21.571428571428555,Declining
2026-04-15,0.0,0.0,537.0,24.0,2026-04-01,790.7,0.0,Stable
2026-04-16,0.0,0.0,537.0,24.0,2026-04-01,617.1,0.0,Stable
2026-04-17,0.0,0.0,537.0,24.0,2026-04-01,617.1,0.0,Stable
2026-04-18,0.0,0.0,537.0,24.0,2026-04-01,617.1,0.0,Stable
2026-04-19,0.0,0.0,537.0,24.0,2026-04-01,617.1,0.0,Stable
2026-04-20,970.0,11.0,528.2857142857143,24.857142857142858,2026-04-01,649.4333333333333,-8.714285714285666,Declining
2026-04-21,2998.0,129.0,566.8571428571429,20.0,2026-04-01,749.3666666666667,38.571428571428555,Increasing
2026-04-22,0.0,0.0,566.8571428571429,20.0,2026-04-01,676.4,0.0,Stable
2026-04-23,0.0,0.0,566.8571428571429,20.0,2026-04-01,546.2,0.0,Stable
2026-04-24,0.0,0.0,566.8571428571429,20.0,2026-04-01,546.2,0.0,Stable
2026-04-25,0.0,0.0,566.8571428571429,20.0,2026-04-01,546.2,0.0,Stable
2026-04-26,0.0,0.0,566.8571428571429,20.0,2026-04-01,546.2,0.0,Stable
2026-04-27,809.0,13.0,543.8571428571429,20.285714285714285,2026-04-01,573.1666666666666,-23.0,Declining
2026-04-28,2445.0,106.0,464.85714285714283,17.0,2026-04-01,654.6666666666666,-79.00000000000006,Declining
2026-04-29,0.0,0.0,464.85714285714283,17.0,2026-04-01,598.0,0.0,Stable
2026-04-30,0.0,0.0,464.85714285714283,17.0,2026-04-01,500.6,0.0,Stable
2026-05-01,0.0,0.0,464.85714285714283,17.0,2026-05-01,500.6,0.0,Stable
2026-05-02,0.0,0.0,464.85714285714283,17.0,2026-05-01,500.6,0.0,Stable
2026-05-03,0.0,0.0,464.85714285714283,17.0,2026-05-01,500.6,0.0,Stable
2026-05-04,663.0,6.0,444.0,16.0,2026-05-01,522.7,-20.857142857142833,Declining
2026-05-05,2542.0,102.0,457.85714285714283,15.428571428571429,2026-05-01,607.4333333333333,13.857142857142833,Increasing
2026-05-06,0.0,0.0,457.85714285714283,15.428571428571429,2026-05-01,568.8333333333334,0.0,Stable
2026-05-07,0.0,0.0,457.85714285714283,15.428571428571429,2026-05-01,472.8666666666667,0.0,Stable
2026-05-08,0.0,0.0,457.85714285714283,15.428571428571429,2026-05-01,472.8666666666667,0.0,Stable
2026-05-09,0.0,0.0,457.85714285714283,15.428571428571429,2026-05-01,472.8666666666667,0.0,Stable
2026-05-10,0.0,0.0,457.85714285714283,15.428571428571429,2026-05-01,472.8666666666667,0.0,Stable
2026-05-11,591.0,6.0,447.57142857142856,15.428571428571429,2026-05-01,492.56666666666666,-10.285714285714278,Declining
2026-05-12,2770.0,82.0,480.14285714285717,12.571428571428571,2026-05-01,584.9,32.57142857142861,Increasing
2026-05-13,0.0,0.0,480.14285714285717,12.571428571428571,2026-05-01,550.5333333333333,0.0,Stable
2026-05-14,0.0,0.0,480.14285714285717,12.571428571428571,2026-05-01,459.6,0.0,Stable
2026-05-15,0.0,0.0,480.14285714285717,12.571428571428571,2026-05-01,459.6,0.0,Stable
2026-05-16,0.0,0.0,480.14285714285717,12.571428571428571,2026-05-01,459.6,0.0,Stable
2026-05-17,0.0,0.0,480.14285714285717,12.571428571428571,2026-05-01,459.6,0.0,Stable
2026-05-18,609.0,4.0,482.7142857142857,12.285714285714286,2026-05-01,479.9,2.571428571428555,Increasing
2026-05-19,2751.0,90.0,480.0,13.428571428571429,2026-05-01,571.6,-2.7142857142857224,Declining
2026-05-20,0.0,0.0,480.0,13.428571428571429,2026-05-01,539.2666666666667,0.0,Stable
2026-05-21,0.0,0.0,480.0,13.428571428571429,2026-05-01,439.3333333333333,0.0,Stable
2026-05-22,0.0,0.0,480.0,13.428571428571429,2026-05-01,439.3333333333333,0.0,Stable
2026-05-23,0.0,0.0,480.0,13.428571428571429,2026-05-01,439.3333333333333,0.0,Stable
2026-05-24,0.0,0.0,480.0,13.428571428571429,2026-05-01,439.3333333333333,0.0,Stable
2026-05-25,445.0,3.0,456.57142857142856,13.285714285714286,2026-05-01,454.1666666666667,-23.428571428571445,Declining
2026-05-26,3158.0,80.0,514.7142857142857,11.857142857142858,2026-05-01,559.4333333333333,58.14285714285711,Increasing
2026-05-27,0.0,0.0,514.7142857142857,11.857142857142858,2026-05-01,532.4666666666667,0.0,Stable
2026-05-28,0.0,0.0,514.7142857142857,11.857142857142858,2026-05-01,450.96666666666664,0.0,Stable
2026-05-29,0.0,0.0,514.7142857142857,11.857142857142858,2026-05-01,450.96666666666664,0.0,Stable
2026-05-30,0.0,0.0,514.7142857142857,11.857142857142858,2026-05-01,450.96666666666664,0.0,Stable
2026-05-31,0.0,0.0,514.7142857142857,11.857142857142858,2026-05-01,450.96666666666664,0.0,Stable
2026-06-01,387.0,1.0,506.42857142857144,11.571428571428571,2026-06-01,463.8666666666667,-8.28571428571422,Declining
2026-06-02,3421.0,63.0,544.0,9.142857142857142,2026-06-01,577.9,37.571428571428555,Increasing
2026-06-03,0.0,0.0,544.0,9.142857142857142,2026-06-01,555.8,0.0,Stable
2026-06-04,0.0,0.0,544.0,9.142857142857142,2026-06-01,471.06666666666666,0.0,Stable
2026-06-05,0.0,0.0,544.0,9.142857142857142,2026-06-01,471.06666666666666,0.0,Stable
2026-06-06,0.0,0.0,544.0,9.142857142857142,2026-06-01,471.06666666666666,0.0,Stable
2026-06-07,0.0,0.0,544.0,9.142857142857142,2026-06-01,471.06666666666666,0.0,Stable
2026-06-08,378.0,0.0,542.7142857142857,9.0,2026-06-01,483.6666666666667,-1.2857142857143344,Declining
2026-06-09,3643.0,43.0,574.4285714285714,6.142857142857143,2026-06-01,605.1,31.71428571428578,Increasing
2026-06-10,0.0,0.0,574.4285714285714,6.142857142857143,2026-06-01,585.4,0.0,Stable
2026-06-11,0.0,0.0,574.4285714285714,6.142857142857143,2026-06-01,493.06666666666666,0.0,Stable
2026-06-12,0.0,0.0,574.4285714285714,6.142857142857143,2026-06-01,493.06666666666666,0.0,Stable
2026-06-13,0.0,0.0,574.4285714285714,6.142857142857143,2026-06-01,493.06666666666666,0.0,Stable
2026-06-14,0.0,0.0,574.4285714285714,6.142857142857143,2026-06-01,493.06666666666666,0.0,Stable
2026-06-15,317.0,0.0,565.7142857142857,6.142857142857143,2026-06-01,503.6333333333333,-8.71428571428578,Declining
2026-06-16,4142.0,49.0,637.0,7.0,2026-06-01,641.7,71.28571428571433,Increasing
2026-06-17,0.0,0.0,637.0,7.0,2026-06-01,621.4,0.0,Stable
2026-06-18,0.0,0.0,637.0,7.0,2026-06-01,529.7,0.0,Stable
2026-06-19,0.0,0.0,637.0,7.0,2026-06-01,529.7,0.0,Stable
2026-06-20,0.0,0.0,637.0,7.0,2026-06-01,529.7,0.0,Stable
2026-06-21,0.0,0.0,637.0,7.0,2026-06-01,529.7,0.0,Stable
2026-06-22,311.0,1.0,636.1428571428571,7.142857142857143,2026-06-01,540.0666666666667,-0.8571428571428896,Declining
2026-06-23,4580.0,32.0,698.7142857142857,4.714285714285714,2026-06-01,692.7333333333333,62.571428571428555,Increasing
2026-06-24,0.0,0.0,698.7142857142857,4.714285714285714,2026-06-01,677.9,0.0,Stable
2026-06-25,0.0,0.0,698.7142857142857,4.714285714285714,2026-06-01,572.6333333333333,0.0,Stable
2026-06-26,0.0,0.0,698.7142857142857,4.714285714285714,2026-06-01,572.6333333333333,0.0,Stable
2026-06-27,0.0,0.0,698.7142857142857,4.714285714285714,2026-06-01,572.6333333333333,0.0,Stable
2026-06-28,0.0,0.0,698.7142857142857,4.714285714285714,2026-06-01,572.6333333333333,0.0,Stable
2026-06-29,245.0,0.0,689.2857142857143,4.571428571428571,2026-06-01,580.8,-9.428571428571331,Declining
2026-06-30,5439.0,42.0,812.0,6.0,2026-06-01,762.1,122.71428571428567,Increasing
2026-07-01,0.0,0.0,812.0,6.0,2026-07-01,749.2,0.0,Stable
2026-07-02,0.0,0.0,812.0,6.0,2026-07-01,635.1666666666666,0.0,Stable
2026-07-03,0.0,0.0,812.0,6.0,2026-07-01,635.1666666666666,0.0,Stable
2026-07-04,0.0,0.0,812.0,6.0,2026-07-01,635.1666666666666,0.0,Stable
2026-07-05,0.0,0.0,812.0,6.0,2026-07-01,635.1666666666666,0.0,Stable
2026-07-06,277.0,0.0,816.5714285714286,6.0,2026-07-01,644.4,4.571428571428555,Increasing
2026-07-07,6969.0,38.0,1035.142857142857,5.428571428571429,2026-07-01,876.7,218.57142857142856,Increasing
2026-07-08,0.0,0.0,1035.142857142857,5.428571428571429,2026-07-01,864.1,0.0,Stable
2026-07-09,0.0,0.0,1035.142857142857,5.428571428571429,2026-07-01,742.6666666666666,0.0,Stable
2026-07-10,0.0,0.0,1035.142857142857,5.428571428571429,2026-07-01,742.6666666666666,0.0,Stable
2026-07-11,0.0,0.0,1035.142857142857,5.428571428571429,2026-07-01,742.6666666666666,0.0,Stable
2026-07-12,0.0,0.0,1035.142857142857,5.428571428571429,2026-07-01,742.6666666666666,0.0,Stable
2026-07-13,234.0,1.0,1029.0,5.571428571428571,2026-07-01,750.4666666666667,-6.14285714285711,Declining
2026-07-14,5348.0,22.0,797.4285714285714,3.2857142857142856,2026-07-01,928.7333333333333,-231.57142857142856,Declining
2026-07-15,0.0,0.0,797.4285714285714,3.2857142857142856,2026-07-01,918.1666666666666,0.0,Stable
2026-07-16,0.0,0.0,797.4285714285714,3.2857142857142856,2026-07-01,780.1,0.0,Stable
2026-07-17,0.0,0.0,797.4285714285714,3.2857142857142856,2026-07-01,780.1,0.0,Stable
2026-07-18,0.0,0.0,797.4285714285714,3.2857142857142856,2026-07-01,780.1,0.0,Stable
2026-07-19,0.0,0.0,797.4285714285714,3.2857142857142856,2026-07-01,780.1,0.0,Stable
